Agric. & Nat. Res. Cons-Agric. & Nat. Res. Cons-Agric. & Nat. Res. Cons,2329
Agric. & Nat. Res. Cons-Agric. & Nat. Res. Cons-Architecture,2
Agric. & Nat. Res. Cons-Agric. & Nat. Res. Cons-Area,0
Agric. & Nat. Res. Cons-Agric. & Nat. Res. Cons-Arts: Visual & Performing,3
Agric. & Nat. Res. Cons-Agric. & Nat. Res. Cons-Business,27
Agric. & Nat. Res. Cons-Agric. & Nat. Res. Cons-Commun,27
Agric. & Nat. Res. Cons-Agric. & Nat. Res. Cons-Communications,10
Agric. & Nat. Res. Cons-Agric. & Nat. Res. Cons-Comp. Sci. & Mathematics,2
Agric. & Nat. Res. Cons-Agric. & Nat. Res. Cons-Education,41
Agric. & Nat. Res. Cons-Agric. & Nat. Res. Cons-Eng. Tech. & Drafting,11
Agric. & Nat. Res. Cons-Agric. & Nat. Res. Cons-English & Foreign Lang.,5
Agric. & Nat. Res. Cons-Agric. & Nat. Res. Cons-Engineering,19
Agric. & Nat. Res. Cons-Architecture-Agric. & Nat. Res. Cons,1
Agric. & Nat. Res. Cons-Architecture-Architecture,5
Agric. & Nat. Res. Cons-Architecture-Area,0
Agric. & Nat. Res. Cons-Architecture-Arts: Visual & Performing,0
Agric. & Nat. Res. Cons-Architecture-Business,0
Agric. & Nat. Res. Cons-Architecture-Commun,0
Agric. & Nat. Res. Cons-Architecture-Communications,0
Agric. & Nat. Res. Cons-Architecture-Comp. Sci. & Mathematics,0
Agric. & Nat. Res. Cons-Architecture-Education,0
Agric. & Nat. Res. Cons-Architecture-Eng. Tech. & Drafting,0
Agric. & Nat. Res. Cons-Architecture-English & Foreign Lang.,0
Agric. & Nat. Res. Cons-Architecture-Engineering,0
Agric. & Nat. Res. Cons-Area-Agric. & Nat. Res. Cons,0
Agric. & Nat. Res. Cons-Area-Architecture,0
Agric. & Nat. Res. Cons-Area-Area,1
Agric. & Nat. Res. Cons-Area-Arts: Visual & Performing,0
Agric. & Nat. Res. Cons-Area-Business,0
Agric. & Nat. Res. Cons-Area-Commun,0
Agric. & Nat. Res. Cons-Area-Communications,0
Agric. & Nat. Res. Cons-Area-Comp. Sci. & Mathematics,0
Agric. & Nat. Res. Cons-Area-Education,0
Agric. & Nat. Res. Cons-Area-Eng. Tech. & Drafting,0
Agric. & Nat. Res. Cons-Area-English & Foreign Lang.,0
Agric. & Nat. Res. Cons-Area-Engineering,0
Agric. & Nat. Res. Cons-Arts: Visual & Performing-Agric. & Nat. Res. Cons,1
Agric. & Nat. Res. Cons-Arts: Visual & Performing-Architecture,0
Agric. & Nat. Res. Cons-Arts: Visual & Performing-Area,0
Agric. & Nat. Res. Cons-Arts: Visual & Performing-Arts: Visual & Performing,31
Agric. & Nat. Res. Cons-Arts: Visual & Performing-Business,0
Agric. & Nat. Res. Cons-Arts: Visual & Performing-Commun,0
Agric. & Nat. Res. Cons-Arts: Visual & Performing-Communications,1
Agric. & Nat. Res. Cons-Arts: Visual & Performing-Comp. Sci. & Mathematics,0
Agric. & Nat. Res. Cons-Arts: Visual & Performing-Education,0
Agric. & Nat. Res. Cons-Arts: Visual & Performing-Eng. Tech. & Drafting,0
Agric. & Nat. Res. Cons-Arts: Visual & Performing-English & Foreign Lang.,0
Agric. & Nat. Res. Cons-Arts: Visual & Performing-Engineering,0
Agric. & Nat. Res. Cons-Business-Agric. & Nat. Res. Cons,10
Agric. & Nat. Res. Cons-Business-Architecture,0
Agric. & Nat. Res. Cons-Business-Area,0
Agric. & Nat. Res. Cons-Business-Arts: Visual & Performing,0
Agric. & Nat. Res. Cons-Business-Business,218
Agric. & Nat. Res. Cons-Business-Commun,10
Agric. & Nat. Res. Cons-Business-Communications,5
Agric. & Nat. Res. Cons-Business-Comp. Sci. & Mathematics,0
Agric. & Nat. Res. Cons-Business-Education,4
Agric. & Nat. Res. Cons-Business-Eng. Tech. & Drafting,3
Agric. & Nat. Res. Cons-Business-English & Foreign Lang.,2
Agric. & Nat. Res. Cons-Business-Engineering,0
Agric. & Nat. Res. Cons-Commun-Agric. & Nat. Res. Cons,15
Agric. & Nat. Res. Cons-Commun-Architecture,0
Agric. & Nat. Res. Cons-Commun-Area,0
Agric. & Nat. Res. Cons-Commun-Arts: Visual & Performing,1
Agric. & Nat. Res. Cons-Commun-Business,10
Agric. & Nat. Res. Cons-Commun-Commun,210
Agric. & Nat. Res. Cons-Commun-Communications,0
Agric. & Nat. Res. Cons-Commun-Comp. Sci. & Mathematics,2
Agric. & Nat. Res. Cons-Commun-Education,4
Agric. & Nat. Res. Cons-Commun-Eng. Tech. & Drafting,2
Agric. & Nat. Res. Cons-Commun-English & Foreign Lang.,2
Agric. & Nat. Res. Cons-Commun-Engineering,1
Agric. & Nat. Res. Cons-Communications-Agric. & Nat. Res. Cons,2
Agric. & Nat. Res. Cons-Communications-Architecture,0
Agric. & Nat. Res. Cons-Communications-Area,0
Agric. & Nat. Res. Cons-Communications-Arts: Visual & Performing,3
Agric. & Nat. Res. Cons-Communications-Business,1
Agric. & Nat. Res. Cons-Communications-Commun,3
Agric. & Nat. Res. Cons-Communications-Communications,31
Agric. & Nat. Res. Cons-Communications-Comp. Sci. & Mathematics,0
Agric. & Nat. Res. Cons-Communications-Education,1
Agric. & Nat. Res. Cons-Communications-Eng. Tech. & Drafting,0
Agric. & Nat. Res. Cons-Communications-English & Foreign Lang.,0
Agric. & Nat. Res. Cons-Communications-Engineering,0
Agric. & Nat. Res. Cons-Comp. Sci. & Mathematics-Agric. & Nat. Res. Cons,1
Agric. & Nat. Res. Cons-Comp. Sci. & Mathematics-Architecture,0
Agric. & Nat. Res. Cons-Comp. Sci. & Mathematics-Area,0
Agric. & Nat. Res. Cons-Comp. Sci. & Mathematics-Arts: Visual & Performing,0
Agric. & Nat. Res. Cons-Comp. Sci. & Mathematics-Business,2
Agric. & Nat. Res. Cons-Comp. Sci. & Mathematics-Commun,1
Agric. & Nat. Res. Cons-Comp. Sci. & Mathematics-Communications,0
Agric. & Nat. Res. Cons-Comp. Sci. & Mathematics-Comp. Sci. & Mathematics,17
Agric. & Nat. Res. Cons-Comp. Sci. & Mathematics-Education,0
Agric. & Nat. Res. Cons-Comp. Sci. & Mathematics-Eng. Tech. & Drafting,1
Agric. & Nat. Res. Cons-Comp. Sci. & Mathematics-English & Foreign Lang.,0
Agric. & Nat. Res. Cons-Comp. Sci. & Mathematics-Engineering,0
Agric. & Nat. Res. Cons-Education-Agric. & Nat. Res. Cons,10
Agric. & Nat. Res. Cons-Education-Architecture,0
Agric. & Nat. Res. Cons-Education-Area,0
Agric. & Nat. Res. Cons-Education-Arts: Visual & Performing,0
Agric. & Nat. Res. Cons-Education-Business,6
Agric. & Nat. Res. Cons-Education-Commun,7
Agric. & Nat. Res. Cons-Education-Communications,0
Agric. & Nat. Res. Cons-Education-Comp. Sci. & Mathematics,0
Agric. & Nat. Res. Cons-Education-Education,95
Agric. & Nat. Res. Cons-Education-Eng. Tech. & Drafting,0
Agric. & Nat. Res. Cons-Education-English & Foreign Lang.,0
Agric. & Nat. Res. Cons-Education-Engineering,0
Agric. & Nat. Res. Cons-Eng. Tech. & Drafting-Agric. & Nat. Res. Cons,4
Agric. & Nat. Res. Cons-Eng. Tech. & Drafting-Architecture,0
Agric. & Nat. Res. Cons-Eng. Tech. & Drafting-Area,0
Agric. & Nat. Res. Cons-Eng. Tech. & Drafting-Arts: Visual & Performing,0
Agric. & Nat. Res. Cons-Eng. Tech. & Drafting-Business,3
Agric. & Nat. Res. Cons-Eng. Tech. & Drafting-Commun,1
Agric. & Nat. Res. Cons-Eng. Tech. & Drafting-Communications,0
Agric. & Nat. Res. Cons-Eng. Tech. & Drafting-Comp. Sci. & Mathematics,1
Agric. & Nat. Res. Cons-Eng. Tech. & Drafting-Education,0
Agric. & Nat. Res. Cons-Eng. Tech. & Drafting-Eng. Tech. & Drafting,85
Agric. & Nat. Res. Cons-Eng. Tech. & Drafting-English & Foreign Lang.,0
Agric. & Nat. Res. Cons-Eng. Tech. & Drafting-Engineering,2
Agric. & Nat. Res. Cons-English & Foreign Lang.-Agric. & Nat. Res. Cons,2
Agric. & Nat. Res. Cons-English & Foreign Lang.-Architecture,0
Agric. & Nat. Res. Cons-English & Foreign Lang.-Area,0
Agric. & Nat. Res. Cons-English & Foreign Lang.-Arts: Visual & Performing,0
Agric. & Nat. Res. Cons-English & Foreign Lang.-Business,1
Agric. & Nat. Res. Cons-English & Foreign Lang.-Commun,2
Agric. & Nat. Res. Cons-English & Foreign Lang.-Communications,0
Agric. & Nat. Res. Cons-English & Foreign Lang.-Comp. Sci. & Mathematics,0
Agric. & Nat. Res. Cons-English & Foreign Lang.-Education,1
Agric. & Nat. Res. Cons-English & Foreign Lang.-Eng. Tech. & Drafting,0
Agric. & Nat. Res. Cons-English & Foreign Lang.-English & Foreign Lang.,14
Agric. & Nat. Res. Cons-English & Foreign Lang.-Engineering,1
Agric. & Nat. Res. Cons-Engineering-Agric. & Nat. Res. Cons,17
Agric. & Nat. Res. Cons-Engineering-Architecture,2
Agric. & Nat. Res. Cons-Engineering-Area,0
Agric. & Nat. Res. Cons-Engineering-Arts: Visual & Performing,1
Agric. & Nat. Res. Cons-Engineering-Business,3
Agric. & Nat. Res. Cons-Engineering-Commun,1
Agric. & Nat. Res. Cons-Engineering-Communications,1
Agric. & Nat. Res. Cons-Engineering-Comp. Sci. & Mathematics,3
Agric. & Nat. Res. Cons-Engineering-Education,0
Agric. & Nat. Res. Cons-Engineering-Eng. Tech. & Drafting,5
Agric. & Nat. Res. Cons-Engineering-English & Foreign Lang.,0
Agric. & Nat. Res. Cons-Engineering-Engineering,101
Architecture-Agric. & Nat. Res. Cons-Agric. & Nat. Res. Cons,48
Architecture-Agric. & Nat. Res. Cons-Architecture,1
Architecture-Agric. & Nat. Res. Cons-Area,0
Architecture-Agric. & Nat. Res. Cons-Arts: Visual & Performing,0
Architecture-Agric. & Nat. Res. Cons-Business,2
Architecture-Agric. & Nat. Res. Cons-Commun,1
Architecture-Agric. & Nat. Res. Cons-Communications,0
Architecture-Agric. & Nat. Res. Cons-Comp. Sci. & Mathematics,0
Architecture-Agric. & Nat. Res. Cons-Education,0
Architecture-Agric. & Nat. Res. Cons-Eng. Tech. & Drafting,0
Architecture-Agric. & Nat. Res. Cons-English & Foreign Lang.,0
Architecture-Agric. & Nat. Res. Cons-Engineering,0
Architecture-Architecture-Agric. & Nat. Res. Cons,3
Architecture-Architecture-Architecture,759
Architecture-Architecture-Area,2
Architecture-Architecture-Arts: Visual & Performing,31
Architecture-Architecture-Business,39
Architecture-Architecture-Commun,8
Architecture-Architecture-Communications,6
Architecture-Architecture-Comp. Sci. & Mathematics,10
Architecture-Architecture-Education,6
Architecture-Architecture-Eng. Tech. & Drafting,11
Architecture-Architecture-English & Foreign Lang.,2
Architecture-Architecture-Engineering,27
Architecture-Area-Agric. & Nat. Res. Cons,0
Architecture-Area-Architecture,0
Architecture-Area-Area,0
Architecture-Area-Arts: Visual & Performing,0
Architecture-Area-Business,0
Architecture-Area-Commun,0
Architecture-Area-Communications,0
Architecture-Area-Comp. Sci. & Mathematics,0
Architecture-Area-Education,0
Architecture-Area-Eng. Tech. & Drafting,0
Architecture-Area-English & Foreign Lang.,0
Architecture-Area-Engineering,1
Architecture-Arts: Visual & Performing-Agric. & Nat. Res. Cons,4
Architecture-Arts: Visual & Performing-Architecture,19
Architecture-Arts: Visual & Performing-Area,0
Architecture-Arts: Visual & Performing-Arts: Visual & Performing,259
Architecture-Arts: Visual & Performing-Business,14
Architecture-Arts: Visual & Performing-Commun,6
Architecture-Arts: Visual & Performing-Communications,7
Architecture-Arts: Visual & Performing-Comp. Sci. & Mathematics,4
Architecture-Arts: Visual & Performing-Education,1
Architecture-Arts: Visual & Performing-Eng. Tech. & Drafting,2
Architecture-Arts: Visual & Performing-English & Foreign Lang.,1
Architecture-Arts: Visual & Performing-Engineering,2
Architecture-Business-Agric. & Nat. Res. Cons,3
Architecture-Business-Architecture,3
Architecture-Business-Area,0
Architecture-Business-Arts: Visual & Performing,1
Architecture-Business-Business,379
Architecture-Business-Commun,7
Architecture-Business-Communications,3
Architecture-Business-Comp. Sci. & Mathematics,4
Architecture-Business-Education,5
Architecture-Business-Eng. Tech. & Drafting,5
Architecture-Business-English & Foreign Lang.,4
Architecture-Business-Engineering,5
Architecture-Commun-Agric. & Nat. Res. Cons,0
Architecture-Commun-Architecture,1
Architecture-Commun-Area,0
Architecture-Commun-Arts: Visual & Performing,1
Architecture-Commun-Business,7
Architecture-Commun-Commun,111
Architecture-Commun-Communications,2
Architecture-Commun-Comp. Sci. & Mathematics,0
Architecture-Commun-Education,3
Architecture-Commun-Eng. Tech. & Drafting,2
Architecture-Commun-English & Foreign Lang.,0
Architecture-Commun-Engineering,3
Architecture-Communications-Agric. & Nat. Res. Cons,0
Architecture-Communications-Architecture,0
Architecture-Communications-Area,1
Architecture-Communications-Arts: Visual & Performing,2
Architecture-Communications-Business,2
Architecture-Communications-Commun,1
Architecture-Communications-Communications,54
Architecture-Communications-Comp. Sci. & Mathematics,1
Architecture-Communications-Education,1
Architecture-Communications-Eng. Tech. & Drafting,0
Architecture-Communications-English & Foreign Lang.,0
Architecture-Communications-Engineering,0
Architecture-Comp. Sci. & Mathematics-Agric. & Nat. Res. Cons,0
Architecture-Comp. Sci. & Mathematics-Architecture,0
Architecture-Comp. Sci. & Mathematics-Area,0
Architecture-Comp. Sci. & Mathematics-Arts: Visual & Performing,1
Architecture-Comp. Sci. & Mathematics-Business,11
Architecture-Comp. Sci. & Mathematics-Commun,2
Architecture-Comp. Sci. & Mathematics-Communications,0
Architecture-Comp. Sci. & Mathematics-Comp. Sci. & Mathematics,72
Architecture-Comp. Sci. & Mathematics-Education,1
Architecture-Comp. Sci. & Mathematics-Eng. Tech. & Drafting,2
Architecture-Comp. Sci. & Mathematics-English & Foreign Lang.,0
Architecture-Comp. Sci. & Mathematics-Engineering,1
Architecture-Education-Agric. & Nat. Res. Cons,1
Architecture-Education-Architecture,2
Architecture-Education-Area,0
Architecture-Education-Arts: Visual & Performing,2
Architecture-Education-Business,3
Architecture-Education-Commun,4
Architecture-Education-Communications,3
Architecture-Education-Comp. Sci. & Mathematics,1
Architecture-Education-Education,44
Architecture-Education-Eng. Tech. & Drafting,1
Architecture-Education-English & Foreign Lang.,0
Architecture-Education-Engineering,1
Architecture-Eng. Tech. & Drafting-Agric. & Nat. Res. Cons,1
Architecture-Eng. Tech. & Drafting-Architecture,2
Architecture-Eng. Tech. & Drafting-Area,0
Architecture-Eng. Tech. & Drafting-Arts: Visual & Performing,4
Architecture-Eng. Tech. & Drafting-Business,7
Architecture-Eng. Tech. & Drafting-Commun,5
Architecture-Eng. Tech. & Drafting-Communications,1
Architecture-Eng. Tech. & Drafting-Comp. Sci. & Mathematics,3
Architecture-Eng. Tech. & Drafting-Education,1
Architecture-Eng. Tech. & Drafting-Eng. Tech. & Drafting,189
Architecture-Eng. Tech. & Drafting-English & Foreign Lang.,0
Architecture-Eng. Tech. & Drafting-Engineering,10
Architecture-English & Foreign Lang.-Agric. & Nat. Res. Cons,0
Architecture-English & Foreign Lang.-Architecture,0
Architecture-English & Foreign Lang.-Area,0
Architecture-English & Foreign Lang.-Arts: Visual & Performing,0
Architecture-English & Foreign Lang.-Business,3
Architecture-English & Foreign Lang.-Commun,0
Architecture-English & Foreign Lang.-Communications,2
Architecture-English & Foreign Lang.-Comp. Sci. & Mathematics,0
Architecture-English & Foreign Lang.-Education,0
Architecture-English & Foreign Lang.-Eng. Tech. & Drafting,0
Architecture-English & Foreign Lang.-English & Foreign Lang.,17
Architecture-English & Foreign Lang.-Engineering,2
Architecture-Engineering-Agric. & Nat. Res. Cons,8
Architecture-Engineering-Architecture,19
Architecture-Engineering-Area,0
Architecture-Engineering-Arts: Visual & Performing,4
Architecture-Engineering-Business,32
Architecture-Engineering-Commun,9
Architecture-Engineering-Communications,3
Architecture-Engineering-Comp. Sci. & Mathematics,9
Architecture-Engineering-Education,6
Architecture-Engineering-Eng. Tech. & Drafting,15
Architecture-Engineering-English & Foreign Lang.,3
Architecture-Engineering-Engineering,524
Area-Agric. & Nat. Res. Cons-Agric. & Nat. Res. Cons,3
Area-Agric. & Nat. Res. Cons-Architecture,0
Area-Agric. & Nat. Res. Cons-Area,0
Area-Agric. & Nat. Res. Cons-Arts: Visual & Performing,0
Area-Agric. & Nat. Res. Cons-Business,0
Area-Agric. & Nat. Res. Cons-Commun,0
Area-Agric. & Nat. Res. Cons-Communications,0
Area-Agric. & Nat. Res. Cons-Comp. Sci. & Mathematics,0
Area-Agric. & Nat. Res. Cons-Education,0
Area-Agric. & Nat. Res. Cons-Eng. Tech. & Drafting,0
Area-Agric. & Nat. Res. Cons-English & Foreign Lang.,0
Area-Agric. & Nat. Res. Cons-Engineering,0
Area-Architecture-Agric. & Nat. Res. Cons,0
Area-Architecture-Architecture,1
Area-Architecture-Area,0
Area-Architecture-Arts: Visual & Performing,1
Area-Architecture-Business,0
Area-Architecture-Commun,0
Area-Architecture-Communications,0
Area-Architecture-Comp. Sci. & Mathematics,0
Area-Architecture-Education,0
Area-Architecture-Eng. Tech. & Drafting,0
Area-Architecture-English & Foreign Lang.,0
Area-Architecture-Engineering,0
Area-Area-Agric. & Nat. Res. Cons,0
Area-Area-Architecture,0
Area-Area-Area,12
Area-Area-Arts: Visual & Performing,0
Area-Area-Business,1
Area-Area-Commun,1
Area-Area-Communications,0
Area-Area-Comp. Sci. & Mathematics,0
Area-Area-Education,0
Area-Area-Eng. Tech. & Drafting,0
Area-Area-English & Foreign Lang.,1
Area-Area-Engineering,0
Area-Arts: Visual & Performing-Agric. & Nat. Res. Cons,0
Area-Arts: Visual & Performing-Architecture,0
Area-Arts: Visual & Performing-Area,0
Area-Arts: Visual & Performing-Arts: Visual & Performing,7
Area-Arts: Visual & Performing-Business,0
Area-Arts: Visual & Performing-Commun,0
Area-Arts: Visual & Performing-Communications,0
Area-Arts: Visual & Performing-Comp. Sci. & Mathematics,0
Area-Arts: Visual & Performing-Education,0
Area-Arts: Visual & Performing-Eng. Tech. & Drafting,0
Area-Arts: Visual & Performing-English & Foreign Lang.,0
Area-Arts: Visual & Performing-Engineering,0
Area-Business-Agric. & Nat. Res. Cons,0
Area-Business-Architecture,0
Area-Business-Area,0
Area-Business-Arts: Visual & Performing,0
Area-Business-Business,12
Area-Business-Commun,1
Area-Business-Communications,1
Area-Business-Comp. Sci. & Mathematics,0
Area-Business-Education,0
Area-Business-Eng. Tech. & Drafting,0
Area-Business-English & Foreign Lang.,0
Area-Business-Engineering,0
Area-Commun-Agric. & Nat. Res. Cons,0
Area-Commun-Architecture,0
Area-Commun-Area,0
Area-Commun-Arts: Visual & Performing,0
Area-Commun-Business,0
Area-Commun-Commun,12
Area-Commun-Communications,0
Area-Commun-Comp. Sci. & Mathematics,0
Area-Commun-Education,0
Area-Commun-Eng. Tech. & Drafting,0
Area-Commun-English & Foreign Lang.,1
Area-Commun-Engineering,0
Area-Communications-Agric. & Nat. Res. Cons,0
Area-Communications-Architecture,0
Area-Communications-Area,0
Area-Communications-Arts: Visual & Performing,0
Area-Communications-Business,0
Area-Communications-Commun,0
Area-Communications-Communications,5
Area-Communications-Comp. Sci. & Mathematics,0
Area-Communications-Education,0
Area-Communications-Eng. Tech. & Drafting,0
Area-Communications-English & Foreign Lang.,0
Area-Communications-Engineering,0
Area-Comp. Sci. & Mathematics-Agric. & Nat. Res. Cons,0
Area-Comp. Sci. & Mathematics-Architecture,0
Area-Comp. Sci. & Mathematics-Area,0
Area-Comp. Sci. & Mathematics-Arts: Visual & Performing,0
Area-Comp. Sci. & Mathematics-Business,0
Area-Comp. Sci. & Mathematics-Commun,2
Area-Comp. Sci. & Mathematics-Communications,0
Area-Comp. Sci. & Mathematics-Comp. Sci. & Mathematics,3
Area-Comp. Sci. & Mathematics-Education,1
Area-Comp. Sci. & Mathematics-Eng. Tech. & Drafting,0
Area-Comp. Sci. & Mathematics-English & Foreign Lang.,0
Area-Comp. Sci. & Mathematics-Engineering,0
Area-Education-Agric. & Nat. Res. Cons,0
Area-Education-Architecture,0
Area-Education-Area,0
Area-Education-Arts: Visual & Performing,0
Area-Education-Business,0
Area-Education-Commun,0
Area-Education-Communications,1
Area-Education-Comp. Sci. & Mathematics,0
Area-Education-Education,5
Area-Education-Eng. Tech. & Drafting,0
Area-Education-English & Foreign Lang.,0
Area-Education-Engineering,0
Area-Eng. Tech. & Drafting-Agric. & Nat. Res. Cons,0
Area-Eng. Tech. & Drafting-Architecture,0
Area-Eng. Tech. & Drafting-Area,0
Area-Eng. Tech. & Drafting-Arts: Visual & Performing,0
Area-Eng. Tech. & Drafting-Business,0
Area-Eng. Tech. & Drafting-Commun,0
Area-Eng. Tech. & Drafting-Communications,0
Area-Eng. Tech. & Drafting-Comp. Sci. & Mathematics,0
Area-Eng. Tech. & Drafting-Education,0
Area-Eng. Tech. & Drafting-Eng. Tech. & Drafting,0
Area-Eng. Tech. & Drafting-English & Foreign Lang.,0
Area-Eng. Tech. & Drafting-Engineering,0
Area-English & Foreign Lang.-Agric. & Nat. Res. Cons,0
Area-English & Foreign Lang.-Architecture,0
Area-English & Foreign Lang.-Area,0
Area-English & Foreign Lang.-Arts: Visual & Performing,0
Area-English & Foreign Lang.-Business,0
Area-English & Foreign Lang.-Commun,0
Area-English & Foreign Lang.-Communications,0
Area-English & Foreign Lang.-Comp. Sci. & Mathematics,1
Area-English & Foreign Lang.-Education,0
Area-English & Foreign Lang.-Eng. Tech. & Drafting,0
Area-English & Foreign Lang.-English & Foreign Lang.,14
Area-English & Foreign Lang.-Engineering,0
Area-Engineering-Agric. & Nat. Res. Cons,0
Area-Engineering-Architecture,1
Area-Engineering-Area,0
Area-Engineering-Arts: Visual & Performing,0
Area-Engineering-Business,0
Area-Engineering-Commun,0
Area-Engineering-Communications,0
Area-Engineering-Comp. Sci. & Mathematics,2
Area-Engineering-Education,0
Area-Engineering-Eng. Tech. & Drafting,0
Area-Engineering-English & Foreign Lang.,0
Area-Engineering-Engineering,1
Arts: Visual & Performing-Agric. & Nat. Res. Cons-Agric. & Nat. Res. Cons,47
Arts: Visual & Performing-Agric. & Nat. Res. Cons-Architecture,0
Arts: Visual & Performing-Agric. & Nat. Res. Cons-Area,0
Arts: Visual & Performing-Agric. & Nat. Res. Cons-Arts: Visual & Performing,2
Arts: Visual & Performing-Agric. & Nat. Res. Cons-Business,2
Arts: Visual & Performing-Agric. & Nat. Res. Cons-Commun,3
Arts: Visual & Performing-Agric. & Nat. Res. Cons-Communications,1
Arts: Visual & Performing-Agric. & Nat. Res. Cons-Comp. Sci. & Mathematics,0
Arts: Visual & Performing-Agric. & Nat. Res. Cons-Education,2
Arts: Visual & Performing-Agric. & Nat. Res. Cons-Eng. Tech. & Drafting,0
Arts: Visual & Performing-Agric. & Nat. Res. Cons-English & Foreign Lang.,1
Arts: Visual & Performing-Agric. & Nat. Res. Cons-Engineering,0
Arts: Visual & Performing-Architecture-Agric. & Nat. Res. Cons,0
Arts: Visual & Performing-Architecture-Architecture,77
Arts: Visual & Performing-Architecture-Area,0
Arts: Visual & Performing-Architecture-Arts: Visual & Performing,10
Arts: Visual & Performing-Architecture-Business,7
Arts: Visual & Performing-Architecture-Commun,1
Arts: Visual & Performing-Architecture-Communications,1
Arts: Visual & Performing-Architecture-Comp. Sci. & Mathematics,0
Arts: Visual & Performing-Architecture-Education,2
Arts: Visual & Performing-Architecture-Eng. Tech. & Drafting,1
Arts: Visual & Performing-Architecture-English & Foreign Lang.,0
Arts: Visual & Performing-Architecture-Engineering,1
Arts: Visual & Performing-Area-Agric. & Nat. Res. Cons,0
Arts: Visual & Performing-Area-Architecture,0
Arts: Visual & Performing-Area-Area,10
Arts: Visual & Performing-Area-Arts: Visual & Performing,2
Arts: Visual & Performing-Area-Business,1
Arts: Visual & Performing-Area-Commun,0
Arts: Visual & Performing-Area-Communications,1
Arts: Visual & Performing-Area-Comp. Sci. & Mathematics,0
Arts: Visual & Performing-Area-Education,0
Arts: Visual & Performing-Area-Eng. Tech. & Drafting,0
Arts: Visual & Performing-Area-English & Foreign Lang.,0
Arts: Visual & Performing-Area-Engineering,0
Arts: Visual & Performing-Arts: Visual & Performing-Agric. & Nat. Res. Cons,11
Arts: Visual & Performing-Arts: Visual & Performing-Architecture,13
Arts: Visual & Performing-Arts: Visual & Performing-Area,4
Arts: Visual & Performing-Arts: Visual & Performing-Arts: Visual & Performing,8450
Arts: Visual & Performing-Arts: Visual & Performing-Business,164
Arts: Visual & Performing-Arts: Visual & Performing-Commun,110
Arts: Visual & Performing-Arts: Visual & Performing-Communications,189
Arts: Visual & Performing-Arts: Visual & Performing-Comp. Sci. & Mathematics,65
Arts: Visual & Performing-Arts: Visual & Performing-Education,168
Arts: Visual & Performing-Arts: Visual & Performing-Eng. Tech. & Drafting,15
Arts: Visual & Performing-Arts: Visual & Performing-English & Foreign Lang.,85
Arts: Visual & Performing-Arts: Visual & Performing-Engineering,14
Arts: Visual & Performing-Business-Agric. & Nat. Res. Cons,3
Arts: Visual & Performing-Business-Architecture,4
Arts: Visual & Performing-Business-Area,1
Arts: Visual & Performing-Business-Arts: Visual & Performing,53
Arts: Visual & Performing-Business-Business,947
Arts: Visual & Performing-Business-Commun,36
Arts: Visual & Performing-Business-Communications,47
Arts: Visual & Performing-Business-Comp. Sci. & Mathematics,20
Arts: Visual & Performing-Business-Education,11
Arts: Visual & Performing-Business-Eng. Tech. & Drafting,3
Arts: Visual & Performing-Business-English & Foreign Lang.,8
Arts: Visual & Performing-Business-Engineering,2
Arts: Visual & Performing-Commun-Agric. & Nat. Res. Cons,2
Arts: Visual & Performing-Commun-Architecture,0
Arts: Visual & Performing-Commun-Area,0
Arts: Visual & Performing-Commun-Arts: Visual & Performing,26
Arts: Visual & Performing-Commun-Business,22
Arts: Visual & Performing-Commun-Commun,548
Arts: Visual & Performing-Commun-Communications,19
Arts: Visual & Performing-Commun-Comp. Sci. & Mathematics,6
Arts: Visual & Performing-Commun-Education,17
Arts: Visual & Performing-Commun-Eng. Tech. & Drafting,2
Arts: Visual & Performing-Commun-English & Foreign Lang.,3
Arts: Visual & Performing-Commun-Engineering,0
Arts: Visual & Performing-Communications-Agric. & Nat. Res. Cons,2
Arts: Visual & Performing-Communications-Architecture,1
Arts: Visual & Performing-Communications-Area,1
Arts: Visual & Performing-Communications-Arts: Visual & Performing,81
Arts: Visual & Performing-Communications-Business,39
Arts: Visual & Performing-Communications-Commun,13
Arts: Visual & Performing-Communications-Communications,992
Arts: Visual & Performing-Communications-Comp. Sci. & Mathematics,16
Arts: Visual & Performing-Communications-Education,9
Arts: Visual & Performing-Communications-Eng. Tech. & Drafting,1
Arts: Visual & Performing-Communications-English & Foreign Lang.,20
Arts: Visual & Performing-Communications-Engineering,1
Arts: Visual & Performing-Comp. Sci. & Mathematics-Agric. & Nat. Res. Cons,1
Arts: Visual & Performing-Comp. Sci. & Mathematics-Architecture,1
Arts: Visual & Performing-Comp. Sci. & Mathematics-Area,0
Arts: Visual & Performing-Comp. Sci. & Mathematics-Arts: Visual & Performing,26
Arts: Visual & Performing-Comp. Sci. & Mathematics-Business,14
Arts: Visual & Performing-Comp. Sci. & Mathematics-Commun,4
Arts: Visual & Performing-Comp. Sci. & Mathematics-Communications,12
Arts: Visual & Performing-Comp. Sci. & Mathematics-Comp. Sci. & Mathematics,305
Arts: Visual & Performing-Comp. Sci. & Mathematics-Education,4
Arts: Visual & Performing-Comp. Sci. & Mathematics-Eng. Tech. & Drafting,2
Arts: Visual & Performing-Comp. Sci. & Mathematics-English & Foreign Lang.,2
Arts: Visual & Performing-Comp. Sci. & Mathematics-Engineering,2
Arts: Visual & Performing-Education-Agric. & Nat. Res. Cons,1
Arts: Visual & Performing-Education-Architecture,1
Arts: Visual & Performing-Education-Area,0
Arts: Visual & Performing-Education-Arts: Visual & Performing,106
Arts: Visual & Performing-Education-Business,31
Arts: Visual & Performing-Education-Commun,20
Arts: Visual & Performing-Education-Communications,14
Arts: Visual & Performing-Education-Comp. Sci. & Mathematics,8
Arts: Visual & Performing-Education-Education,788
Arts: Visual & Performing-Education-Eng. Tech. & Drafting,3
Arts: Visual & Performing-Education-English & Foreign Lang.,10
Arts: Visual & Performing-Education-Engineering,0
Arts: Visual & Performing-Eng. Tech. & Drafting-Agric. & Nat. Res. Cons,3
Arts: Visual & Performing-Eng. Tech. & Drafting-Architecture,0
Arts: Visual & Performing-Eng. Tech. & Drafting-Area,0
Arts: Visual & Performing-Eng. Tech. & Drafting-Arts: Visual & Performing,8
Arts: Visual & Performing-Eng. Tech. & Drafting-Business,6
Arts: Visual & Performing-Eng. Tech. & Drafting-Commun,2
Arts: Visual & Performing-Eng. Tech. & Drafting-Communications,2
Arts: Visual & Performing-Eng. Tech. & Drafting-Comp. Sci. & Mathematics,6
Arts: Visual & Performing-Eng. Tech. & Drafting-Education,0
Arts: Visual & Performing-Eng. Tech. & Drafting-Eng. Tech. & Drafting,108
Arts: Visual & Performing-Eng. Tech. & Drafting-English & Foreign Lang.,3
Arts: Visual & Performing-Eng. Tech. & Drafting-Engineering,4
Arts: Visual & Performing-English & Foreign Lang.-Agric. & Nat. Res. Cons,0
Arts: Visual & Performing-English & Foreign Lang.-Architecture,0
Arts: Visual & Performing-English & Foreign Lang.-Area,0
Arts: Visual & Performing-English & Foreign Lang.-Arts: Visual & Performing,24
Arts: Visual & Performing-English & Foreign Lang.-Business,5
Arts: Visual & Performing-English & Foreign Lang.-Commun,8
Arts: Visual & Performing-English & Foreign Lang.-Communications,18
Arts: Visual & Performing-English & Foreign Lang.-Comp. Sci. & Mathematics,3
Arts: Visual & Performing-English & Foreign Lang.-Education,12
Arts: Visual & Performing-English & Foreign Lang.-Eng. Tech. & Drafting,0
Arts: Visual & Performing-English & Foreign Lang.-English & Foreign Lang.,305
Arts: Visual & Performing-English & Foreign Lang.-Engineering,0
Arts: Visual & Performing-Engineering-Agric. & Nat. Res. Cons,0
Arts: Visual & Performing-Engineering-Architecture,2
Arts: Visual & Performing-Engineering-Area,0
Arts: Visual & Performing-Engineering-Arts: Visual & Performing,16
Arts: Visual & Performing-Engineering-Business,8
Arts: Visual & Performing-Engineering-Commun,8
Arts: Visual & Performing-Engineering-Communications,5
Arts: Visual & Performing-Engineering-Comp. Sci. & Mathematics,14
Arts: Visual & Performing-Engineering-Education,3
Arts: Visual & Performing-Engineering-Eng. Tech. & Drafting,3
Arts: Visual & Performing-Engineering-English & Foreign Lang.,2
Arts: Visual & Performing-Engineering-Engineering,209
Business-Agric. & Nat. Res. Cons-Agric. & Nat. Res. Cons,271
Business-Agric. & Nat. Res. Cons-Architecture,1
Business-Agric. & Nat. Res. Cons-Area,0
Business-Agric. & Nat. Res. Cons-Arts: Visual & Performing,0
Business-Agric. & Nat. Res. Cons-Business,28
Business-Agric. & Nat. Res. Cons-Commun,12
Business-Agric. & Nat. Res. Cons-Communications,5
Business-Agric. & Nat. Res. Cons-Comp. Sci. & Mathematics,1
Business-Agric. & Nat. Res. Cons-Education,2
Business-Agric. & Nat. Res. Cons-Eng. Tech. & Drafting,6
Business-Agric. & Nat. Res. Cons-English & Foreign Lang.,0
Business-Agric. & Nat. Res. Cons-Engineering,1
Business-Architecture-Agric. & Nat. Res. Cons,0
Business-Architecture-Architecture,22
Business-Architecture-Area,0
Business-Architecture-Arts: Visual & Performing,1
Business-Architecture-Business,2
Business-Architecture-Commun,0
Business-Architecture-Communications,2
Business-Architecture-Comp. Sci. & Mathematics,0
Business-Architecture-Education,0
Business-Architecture-Eng. Tech. & Drafting,0
Business-Architecture-English & Foreign Lang.,0
Business-Architecture-Engineering,1
Business-Area-Agric. & Nat. Res. Cons,0
Business-Area-Architecture,0
Business-Area-Area,6
Business-Area-Arts: Visual & Performing,1
Business-Area-Business,5
Business-Area-Commun,0
Business-Area-Communications,0
Business-Area-Comp. Sci. & Mathematics,0
Business-Area-Education,0
Business-Area-Eng. Tech. & Drafting,0
Business-Area-English & Foreign Lang.,1
Business-Area-Engineering,0
Business-Arts: Visual & Performing-Agric. & Nat. Res. Cons,2
Business-Arts: Visual & Performing-Architecture,1
Business-Arts: Visual & Performing-Area,0
Business-Arts: Visual & Performing-Arts: Visual & Performing,351
Business-Arts: Visual & Performing-Business,49
Business-Arts: Visual & Performing-Commun,19
Business-Arts: Visual & Performing-Communications,17
Business-Arts: Visual & Performing-Comp. Sci. & Mathematics,4
Business-Arts: Visual & Performing-Education,3
Business-Arts: Visual & Performing-Eng. Tech. & Drafting,2
Business-Arts: Visual & Performing-English & Foreign Lang.,0
Business-Arts: Visual & Performing-Engineering,2
Business-Business-Agric. & Nat. Res. Cons,54
Business-Business-Architecture,12
Business-Business-Area,9
Business-Business-Arts: Visual & Performing,84
Business-Business-Business,17340
Business-Business-Commun,374
Business-Business-Communications,327
Business-Business-Comp. Sci. & Mathematics,127
Business-Business-Education,130
Business-Business-Eng. Tech. & Drafting,40
Business-Business-English & Foreign Lang.,58
Business-Business-Engineering,59
Business-Commun-Agric. & Nat. Res. Cons,6
Business-Commun-Architecture,0
Business-Commun-Area,0
Business-Commun-Arts: Visual & Performing,8
Business-Commun-Business,168
Business-Commun-Commun,1248
Business-Commun-Communications,17
Business-Commun-Comp. Sci. & Mathematics,5
Business-Commun-Education,28
Business-Commun-Eng. Tech. & Drafting,6
Business-Commun-English & Foreign Lang.,1
Business-Commun-Engineering,3
Business-Communications-Agric. & Nat. Res. Cons,2
Business-Communications-Architecture,0
Business-Communications-Area,0
Business-Communications-Arts: Visual & Performing,21
Business-Communications-Business,59
Business-Communications-Commun,14
Business-Communications-Communications,641
Business-Communications-Comp. Sci. & Mathematics,3
Business-Communications-Education,4
Business-Communications-Eng. Tech. & Drafting,2
Business-Communications-English & Foreign Lang.,13
Business-Communications-Engineering,0
Business-Comp. Sci. & Mathematics-Agric. & Nat. Res. Cons,4
Business-Comp. Sci. & Mathematics-Architecture,0
Business-Comp. Sci. & Mathematics-Area,0
Business-Comp. Sci. & Mathematics-Arts: Visual & Performing,2
Business-Comp. Sci. & Mathematics-Business,61
Business-Comp. Sci. & Mathematics-Commun,5
Business-Comp. Sci. & Mathematics-Communications,4
Business-Comp. Sci. & Mathematics-Comp. Sci. & Mathematics,355
Business-Comp. Sci. & Mathematics-Education,6
Business-Comp. Sci. & Mathematics-Eng. Tech. & Drafting,2
Business-Comp. Sci. & Mathematics-English & Foreign Lang.,3
Business-Comp. Sci. & Mathematics-Engineering,8
Business-Education-Agric. & Nat. Res. Cons,3
Business-Education-Architecture,0
Business-Education-Area,0
Business-Education-Arts: Visual & Performing,4
Business-Education-Business,69
Business-Education-Commun,24
Business-Education-Communications,14
Business-Education-Comp. Sci. & Mathematics,3
Business-Education-Education,378
Business-Education-Eng. Tech. & Drafting,1
Business-Education-English & Foreign Lang.,5
Business-Education-Engineering,1
Business-Eng. Tech. & Drafting-Agric. & Nat. Res. Cons,2
Business-Eng. Tech. & Drafting-Architecture,0
Business-Eng. Tech. & Drafting-Area,0
Business-Eng. Tech. & Drafting-Arts: Visual & Performing,0
Business-Eng. Tech. & Drafting-Business,21
Business-Eng. Tech. & Drafting-Commun,2
Business-Eng. Tech. & Drafting-Communications,1
Business-Eng. Tech. & Drafting-Comp. Sci. & Mathematics,6
Business-Eng. Tech. & Drafting-Education,1
Business-Eng. Tech. & Drafting-Eng. Tech. & Drafting,159
Business-Eng. Tech. & Drafting-English & Foreign Lang.,0
Business-Eng. Tech. & Drafting-Engineering,17
Business-English & Foreign Lang.-Agric. & Nat. Res. Cons,0
Business-English & Foreign Lang.-Architecture,0
Business-English & Foreign Lang.-Area,0
Business-English & Foreign Lang.-Arts: Visual & Performing,1
Business-English & Foreign Lang.-Business,16
Business-English & Foreign Lang.-Commun,1
Business-English & Foreign Lang.-Communications,16
Business-English & Foreign Lang.-Comp. Sci. & Mathematics,5
Business-English & Foreign Lang.-Education,4
Business-English & Foreign Lang.-Eng. Tech. & Drafting,0
Business-English & Foreign Lang.-English & Foreign Lang.,112
Business-English & Foreign Lang.-Engineering,0
Business-Engineering-Agric. & Nat. Res. Cons,7
Business-Engineering-Architecture,2
Business-Engineering-Area,0
Business-Engineering-Arts: Visual & Performing,5
Business-Engineering-Business,106
Business-Engineering-Commun,13
Business-Engineering-Communications,5
Business-Engineering-Comp. Sci. & Mathematics,22
Business-Engineering-Education,7
Business-Engineering-Eng. Tech. & Drafting,14
Business-Engineering-English & Foreign Lang.,1
Business-Engineering-Engineering,682
Commun-Agric. & Nat. Res. Cons-Agric. & Nat. Res. Cons,38
Commun-Agric. & Nat. Res. Cons-Architecture,0
Commun-Agric. & Nat. Res. Cons-Area,0
Commun-Agric. & Nat. Res. Cons-Arts: Visual & Performing,0
Commun-Agric. & Nat. Res. Cons-Business,1
Commun-Agric. & Nat. Res. Cons-Commun,3
Commun-Agric. & Nat. Res. Cons-Communications,2
Commun-Agric. & Nat. Res. Cons-Comp. Sci. & Mathematics,0
Commun-Agric. & Nat. Res. Cons-Education,1
Commun-Agric. & Nat. Res. Cons-Eng. Tech. & Drafting,0
Commun-Agric. & Nat. Res. Cons-English & Foreign Lang.,1
Commun-Agric. & Nat. Res. Cons-Engineering,0
Commun-Architecture-Agric. & Nat. Res. Cons,0
Commun-Architecture-Architecture,3
Commun-Architecture-Area,0
Commun-Architecture-Arts: Visual & Performing,0
Commun-Architecture-Business,0
Commun-Architecture-Commun,0
Commun-Architecture-Communications,0
Commun-Architecture-Comp. Sci. & Mathematics,0
Commun-Architecture-Education,0
Commun-Architecture-Eng. Tech. & Drafting,0
Commun-Architecture-English & Foreign Lang.,0
Commun-Architecture-Engineering,1
Commun-Area-Agric. & Nat. Res. Cons,1
Commun-Area-Architecture,0
Commun-Area-Area,2
Commun-Area-Arts: Visual & Performing,0
Commun-Area-Business,0
Commun-Area-Commun,1
Commun-Area-Communications,0
Commun-Area-Comp. Sci. & Mathematics,0
Commun-Area-Education,0
Commun-Area-Eng. Tech. & Drafting,0
Commun-Area-English & Foreign Lang.,0
Commun-Area-Engineering,0
Commun-Arts: Visual & Performing-Agric. & Nat. Res. Cons,0
Commun-Arts: Visual & Performing-Architecture,0
Commun-Arts: Visual & Performing-Area,0
Commun-Arts: Visual & Performing-Arts: Visual & Performing,48
Commun-Arts: Visual & Performing-Business,2
Commun-Arts: Visual & Performing-Commun,4
Commun-Arts: Visual & Performing-Communications,3
Commun-Arts: Visual & Performing-Comp. Sci. & Mathematics,0
Commun-Arts: Visual & Performing-Education,3
Commun-Arts: Visual & Performing-Eng. Tech. & Drafting,0
Commun-Arts: Visual & Performing-English & Foreign Lang.,0
Commun-Arts: Visual & Performing-Engineering,0
Commun-Business-Agric. & Nat. Res. Cons,2
Commun-Business-Architecture,1
Commun-Business-Area,0
Commun-Business-Arts: Visual & Performing,5
Commun-Business-Business,401
Commun-Business-Commun,24
Commun-Business-Communications,13
Commun-Business-Comp. Sci. & Mathematics,9
Commun-Business-Education,6
Commun-Business-Eng. Tech. & Drafting,1
Commun-Business-English & Foreign Lang.,6
Commun-Business-Engineering,2
Commun-Commun-Agric. & Nat. Res. Cons,6
Commun-Commun-Architecture,0
Commun-Commun-Area,0
Commun-Commun-Arts: Visual & Performing,9
Commun-Commun-Business,69
Commun-Commun-Commun,1803
Commun-Commun-Communications,15
Commun-Commun-Comp. Sci. & Mathematics,9
Commun-Commun-Education,61
Commun-Commun-Eng. Tech. & Drafting,3
Commun-Commun-English & Foreign Lang.,5
Commun-Commun-Engineering,5
Commun-Communications-Agric. & Nat. Res. Cons,1
Commun-Communications-Architecture,0
Commun-Communications-Area,1
Commun-Communications-Arts: Visual & Performing,1
Commun-Communications-Business,5
Commun-Communications-Commun,4
Commun-Communications-Communications,70
Commun-Communications-Comp. Sci. & Mathematics,0
Commun-Communications-Education,2
Commun-Communications-Eng. Tech. & Drafting,0
Commun-Communications-English & Foreign Lang.,2
Commun-Communications-Engineering,0
Commun-Comp. Sci. & Mathematics-Agric. & Nat. Res. Cons,0
Commun-Comp. Sci. & Mathematics-Architecture,0
Commun-Comp. Sci. & Mathematics-Area,0
Commun-Comp. Sci. & Mathematics-Arts: Visual & Performing,0
Commun-Comp. Sci. & Mathematics-Business,1
Commun-Comp. Sci. & Mathematics-Commun,2
Commun-Comp. Sci. & Mathematics-Communications,2
Commun-Comp. Sci. & Mathematics-Comp. Sci. & Mathematics,33
Commun-Comp. Sci. & Mathematics-Education,1
Commun-Comp. Sci. & Mathematics-Eng. Tech. & Drafting,0
Commun-Comp. Sci. & Mathematics-English & Foreign Lang.,0
Commun-Comp. Sci. & Mathematics-Engineering,2
Commun-Education-Agric. & Nat. Res. Cons,0
Commun-Education-Architecture,0
Commun-Education-Area,0
Commun-Education-Arts: Visual & Performing,5
Commun-Education-Business,19
Commun-Education-Commun,36
Commun-Education-Communications,2
Commun-Education-Comp. Sci. & Mathematics,0
Commun-Education-Education,250
Commun-Education-Eng. Tech. & Drafting,1
Commun-Education-English & Foreign Lang.,5
Commun-Education-Engineering,0
Commun-Eng. Tech. & Drafting-Agric. & Nat. Res. Cons,0
Commun-Eng. Tech. & Drafting-Architecture,0
Commun-Eng. Tech. & Drafting-Area,0
Commun-Eng. Tech. & Drafting-Arts: Visual & Performing,0
Commun-Eng. Tech. & Drafting-Business,3
Commun-Eng. Tech. & Drafting-Commun,4
Commun-Eng. Tech. & Drafting-Communications,0
Commun-Eng. Tech. & Drafting-Comp. Sci. & Mathematics,0
Commun-Eng. Tech. & Drafting-Education,0
Commun-Eng. Tech. & Drafting-Eng. Tech. & Drafting,37
Commun-Eng. Tech. & Drafting-English & Foreign Lang.,0
Commun-Eng. Tech. & Drafting-Engineering,2
Commun-English & Foreign Lang.-Agric. & Nat. Res. Cons,0
Commun-English & Foreign Lang.-Architecture,0
Commun-English & Foreign Lang.-Area,0
Commun-English & Foreign Lang.-Arts: Visual & Performing,0
Commun-English & Foreign Lang.-Business,1
Commun-English & Foreign Lang.-Commun,6
Commun-English & Foreign Lang.-Communications,1
Commun-English & Foreign Lang.-Comp. Sci. & Mathematics,0
Commun-English & Foreign Lang.-Education,2
Commun-English & Foreign Lang.-Eng. Tech. & Drafting,0
Commun-English & Foreign Lang.-English & Foreign Lang.,32
Commun-English & Foreign Lang.-Engineering,0
Commun-Engineering-Agric. & Nat. Res. Cons,1
Commun-Engineering-Architecture,0
Commun-Engineering-Area,0
Commun-Engineering-Arts: Visual & Performing,0
Commun-Engineering-Business,3
Commun-Engineering-Commun,3
Commun-Engineering-Communications,0
Commun-Engineering-Comp. Sci. & Mathematics,0
Commun-Engineering-Education,0
Commun-Engineering-Eng. Tech. & Drafting,0
Commun-Engineering-English & Foreign Lang.,0
Commun-Engineering-Engineering,40
Communications-Agric. & Nat. Res. Cons-Agric. & Nat. Res. Cons,56
Communications-Agric. & Nat. Res. Cons-Architecture,0
Communications-Agric. & Nat. Res. Cons-Area,0
Communications-Agric. & Nat. Res. Cons-Arts: Visual & Performing,0
Communications-Agric. & Nat. Res. Cons-Business,3
Communications-Agric. & Nat. Res. Cons-Commun,4
Communications-Agric. & Nat. Res. Cons-Communications,4
Communications-Agric. & Nat. Res. Cons-Comp. Sci. & Mathematics,0
Communications-Agric. & Nat. Res. Cons-Education,2
Communications-Agric. & Nat. Res. Cons-Eng. Tech. & Drafting,1
Communications-Agric. & Nat. Res. Cons-English & Foreign Lang.,0
Communications-Agric. & Nat. Res. Cons-Engineering,0
Communications-Architecture-Agric. & Nat. Res. Cons,0
Communications-Architecture-Architecture,7
Communications-Architecture-Area,0
Communications-Architecture-Arts: Visual & Performing,0
Communications-Architecture-Business,0
Communications-Architecture-Commun,0
Communications-Architecture-Communications,0
Communications-Architecture-Comp. Sci. & Mathematics,0
Communications-Architecture-Education,0
Communications-Architecture-Eng. Tech. & Drafting,0
Communications-Architecture-English & Foreign Lang.,0
Communications-Architecture-Engineering,0
Communications-Area-Agric. & Nat. Res. Cons,0
Communications-Area-Architecture,0
Communications-Area-Area,9
Communications-Area-Arts: Visual & Performing,0
Communications-Area-Business,0
Communications-Area-Commun,0
Communications-Area-Communications,2
Communications-Area-Comp. Sci. & Mathematics,0
Communications-Area-Education,0
Communications-Area-Eng. Tech. & Drafting,0
Communications-Area-English & Foreign Lang.,1
Communications-Area-Engineering,0
Communications-Arts: Visual & Performing-Agric. & Nat. Res. Cons,2
Communications-Arts: Visual & Performing-Architecture,0
Communications-Arts: Visual & Performing-Area,1
Communications-Arts: Visual & Performing-Arts: Visual & Performing,347
Communications-Arts: Visual & Performing-Business,10
Communications-Arts: Visual & Performing-Commun,9
Communications-Arts: Visual & Performing-Communications,39
Communications-Arts: Visual & Performing-Comp. Sci. & Mathematics,5
Communications-Arts: Visual & Performing-Education,6
Communications-Arts: Visual & Performing-Eng. Tech. & Drafting,1
Communications-Arts: Visual & Performing-English & Foreign Lang.,4
Communications-Arts: Visual & Performing-Engineering,0
Communications-Business-Agric. & Nat. Res. Cons,2
Communications-Business-Architecture,0
Communications-Business-Area,0
Communications-Business-Arts: Visual & Performing,8
Communications-Business-Business,765
Communications-Business-Commun,19
Communications-Business-Communications,77
Communications-Business-Comp. Sci. & Mathematics,9
Communications-Business-Education,12
Communications-Business-Eng. Tech. & Drafting,0
Communications-Business-English & Foreign Lang.,14
Communications-Business-Engineering,2
Communications-Commun-Agric. & Nat. Res. Cons,1
Communications-Commun-Architecture,0
Communications-Commun-Area,0
Communications-Commun-Arts: Visual & Performing,1
Communications-Commun-Business,21
Communications-Commun-Commun,260
Communications-Commun-Communications,13
Communications-Commun-Comp. Sci. & Mathematics,2
Communications-Commun-Education,6
Communications-Commun-Eng. Tech. & Drafting,0
Communications-Commun-English & Foreign Lang.,2
Communications-Commun-Engineering,1
Communications-Communications-Agric. & Nat. Res. Cons,6
Communications-Communications-Architecture,0
Communications-Communications-Area,1
Communications-Communications-Arts: Visual & Performing,52
Communications-Communications-Business,121
Communications-Communications-Commun,69
Communications-Communications-Communications,3258
Communications-Communications-Comp. Sci. & Mathematics,19
Communications-Communications-Education,52
Communications-Communications-Eng. Tech. & Drafting,1
Communications-Communications-English & Foreign Lang.,71
Communications-Communications-Engineering,3
Communications-Comp. Sci. & Mathematics-Agric. & Nat. Res. Cons,0
Communications-Comp. Sci. & Mathematics-Architecture,0
Communications-Comp. Sci. & Mathematics-Area,0
Communications-Comp. Sci. & Mathematics-Arts: Visual & Performing,3
Communications-Comp. Sci. & Mathematics-Business,7
Communications-Comp. Sci. & Mathematics-Commun,2
Communications-Comp. Sci. & Mathematics-Communications,4
Communications-Comp. Sci. & Mathematics-Comp. Sci. & Mathematics,64
Communications-Comp. Sci. & Mathematics-Education,1
Communications-Comp. Sci. & Mathematics-Eng. Tech. & Drafting,0
Communications-Comp. Sci. & Mathematics-English & Foreign Lang.,0
Communications-Comp. Sci. & Mathematics-Engineering,0
Communications-Education-Agric. & Nat. Res. Cons,0
Communications-Education-Architecture,0
Communications-Education-Area,1
Communications-Education-Arts: Visual & Performing,5
Communications-Education-Business,7
Communications-Education-Commun,9
Communications-Education-Communications,13
Communications-Education-Comp. Sci. & Mathematics,0
Communications-Education-Education,161
Communications-Education-Eng. Tech. & Drafting,0
Communications-Education-English & Foreign Lang.,6
Communications-Education-Engineering,0
Communications-Eng. Tech. & Drafting-Agric. & Nat. Res. Cons,0
Communications-Eng. Tech. & Drafting-Architecture,0
Communications-Eng. Tech. & Drafting-Area,0
Communications-Eng. Tech. & Drafting-Arts: Visual & Performing,1
Communications-Eng. Tech. & Drafting-Business,3
Communications-Eng. Tech. & Drafting-Commun,1
Communications-Eng. Tech. & Drafting-Communications,3
Communications-Eng. Tech. & Drafting-Comp. Sci. & Mathematics,0
Communications-Eng. Tech. & Drafting-Education,1
Communications-Eng. Tech. & Drafting-Eng. Tech. & Drafting,15
Communications-Eng. Tech. & Drafting-English & Foreign Lang.,2
Communications-Eng. Tech. & Drafting-Engineering,1
Communications-English & Foreign Lang.-Agric. & Nat. Res. Cons,0
Communications-English & Foreign Lang.-Architecture,0
Communications-English & Foreign Lang.-Area,1
Communications-English & Foreign Lang.-Arts: Visual & Performing,5
Communications-English & Foreign Lang.-Business,5
Communications-English & Foreign Lang.-Commun,1
Communications-English & Foreign Lang.-Communications,40
Communications-English & Foreign Lang.-Comp. Sci. & Mathematics,1
Communications-English & Foreign Lang.-Education,7
Communications-English & Foreign Lang.-Eng. Tech. & Drafting,0
Communications-English & Foreign Lang.-English & Foreign Lang.,237
Communications-English & Foreign Lang.-Engineering,1
Communications-Engineering-Agric. & Nat. Res. Cons,0
Communications-Engineering-Architecture,0
Communications-Engineering-Area,0
Communications-Engineering-Arts: Visual & Performing,1
Communications-Engineering-Business,1
Communications-Engineering-Commun,3
Communications-Engineering-Communications,9
Communications-Engineering-Comp. Sci. & Mathematics,3
Communications-Engineering-Education,0
Communications-Engineering-Eng. Tech. & Drafting,1
Communications-Engineering-English & Foreign Lang.,0
Communications-Engineering-Engineering,52
Comp. Sci. & Mathematics-Agric. & Nat. Res. Cons-Agric. & Nat. Res. Cons,18
Comp. Sci. & Mathematics-Agric. & Nat. Res. Cons-Architecture,0
Comp. Sci. & Mathematics-Agric. & Nat. Res. Cons-Area,0
Comp. Sci. & Mathematics-Agric. & Nat. Res. Cons-Arts: Visual & Performing,0
Comp. Sci. & Mathematics-Agric. & Nat. Res. Cons-Business,0
Comp. Sci. & Mathematics-Agric. & Nat. Res. Cons-Commun,0
Comp. Sci. & Mathematics-Agric. & Nat. Res. Cons-Communications,0
Comp. Sci. & Mathematics-Agric. & Nat. Res. Cons-Comp. Sci. & Mathematics,0
Comp. Sci. & Mathematics-Agric. & Nat. Res. Cons-Education,0
Comp. Sci. & Mathematics-Agric. & Nat. Res. Cons-Eng. Tech. & Drafting,0
Comp. Sci. & Mathematics-Agric. & Nat. Res. Cons-English & Foreign Lang.,0
Comp. Sci. & Mathematics-Agric. & Nat. Res. Cons-Engineering,2
Comp. Sci. & Mathematics-Architecture-Agric. & Nat. Res. Cons,0
Comp. Sci. & Mathematics-Architecture-Architecture,6
Comp. Sci. & Mathematics-Architecture-Area,0
Comp. Sci. & Mathematics-Architecture-Arts: Visual & Performing,0
Comp. Sci. & Mathematics-Architecture-Business,0
Comp. Sci. & Mathematics-Architecture-Commun,0
Comp. Sci. & Mathematics-Architecture-Communications,0
Comp. Sci. & Mathematics-Architecture-Comp. Sci. & Mathematics,0
Comp. Sci. & Mathematics-Architecture-Education,0
Comp. Sci. & Mathematics-Architecture-Eng. Tech. & Drafting,0
Comp. Sci. & Mathematics-Architecture-English & Foreign Lang.,0
Comp. Sci. & Mathematics-Architecture-Engineering,0
Comp. Sci. & Mathematics-Area-Agric. & Nat. Res. Cons,0
Comp. Sci. & Mathematics-Area-Architecture,0
Comp. Sci. & Mathematics-Area-Area,2
Comp. Sci. & Mathematics-Area-Arts: Visual & Performing,0
Comp. Sci. & Mathematics-Area-Business,0
Comp. Sci. & Mathematics-Area-Commun,0
Comp. Sci. & Mathematics-Area-Communications,0
Comp. Sci. & Mathematics-Area-Comp. Sci. & Mathematics,0
Comp. Sci. & Mathematics-Area-Education,0
Comp. Sci. & Mathematics-Area-Eng. Tech. & Drafting,0
Comp. Sci. & Mathematics-Area-English & Foreign Lang.,0
Comp. Sci. & Mathematics-Area-Engineering,0
Comp. Sci. & Mathematics-Arts: Visual & Performing-Agric. & Nat. Res. Cons,0
Comp. Sci. & Mathematics-Arts: Visual & Performing-Architecture,0
Comp. Sci. & Mathematics-Arts: Visual & Performing-Area,0
Comp. Sci. & Mathematics-Arts: Visual & Performing-Arts: Visual & Performing,245
Comp. Sci. & Mathematics-Arts: Visual & Performing-Business,10
Comp. Sci. & Mathematics-Arts: Visual & Performing-Commun,2
Comp. Sci. & Mathematics-Arts: Visual & Performing-Communications,7
Comp. Sci. & Mathematics-Arts: Visual & Performing-Comp. Sci. & Mathematics,20
Comp. Sci. & Mathematics-Arts: Visual & Performing-Education,1
Comp. Sci. & Mathematics-Arts: Visual & Performing-Eng. Tech. & Drafting,0
Comp. Sci. & Mathematics-Arts: Visual & Performing-English & Foreign Lang.,1
Comp. Sci. & Mathematics-Arts: Visual & Performing-Engineering,1
Comp. Sci. & Mathematics-Business-Agric. & Nat. Res. Cons,1
Comp. Sci. & Mathematics-Business-Architecture,2
Comp. Sci. & Mathematics-Business-Area,0
Comp. Sci. & Mathematics-Business-Arts: Visual & Performing,10
Comp. Sci. & Mathematics-Business-Business,637
Comp. Sci. & Mathematics-Business-Commun,7
Comp. Sci. & Mathematics-Business-Communications,7
Comp. Sci. & Mathematics-Business-Comp. Sci. & Mathematics,50
Comp. Sci. & Mathematics-Business-Education,5
Comp. Sci. & Mathematics-Business-Eng. Tech. & Drafting,5
Comp. Sci. & Mathematics-Business-English & Foreign Lang.,1
Comp. Sci. & Mathematics-Business-Engineering,6
Comp. Sci. & Mathematics-Commun-Agric. & Nat. Res. Cons,0
Comp. Sci. & Mathematics-Commun-Architecture,0
Comp. Sci. & Mathematics-Commun-Area,0
Comp. Sci. & Mathematics-Commun-Arts: Visual & Performing,0
Comp. Sci. & Mathematics-Commun-Business,7
Comp. Sci. & Mathematics-Commun-Commun,105
Comp. Sci. & Mathematics-Commun-Communications,2
Comp. Sci. & Mathematics-Commun-Comp. Sci. & Mathematics,11
Comp. Sci. & Mathematics-Commun-Education,4
Comp. Sci. & Mathematics-Commun-Eng. Tech. & Drafting,2
Comp. Sci. & Mathematics-Commun-English & Foreign Lang.,0
Comp. Sci. & Mathematics-Commun-Engineering,1
Comp. Sci. & Mathematics-Communications-Agric. & Nat. Res. Cons,0
Comp. Sci. & Mathematics-Communications-Architecture,0
Comp. Sci. & Mathematics-Communications-Area,0
Comp. Sci. & Mathematics-Communications-Arts: Visual & Performing,4
Comp. Sci. & Mathematics-Communications-Business,4
Comp. Sci. & Mathematics-Communications-Commun,2
Comp. Sci. & Mathematics-Communications-Communications,93
Comp. Sci. & Mathematics-Communications-Comp. Sci. & Mathematics,11
Comp. Sci. & Mathematics-Communications-Education,0
Comp. Sci. & Mathematics-Communications-Eng. Tech. & Drafting,1
Comp. Sci. & Mathematics-Communications-English & Foreign Lang.,0
Comp. Sci. & Mathematics-Communications-Engineering,2
Comp. Sci. & Mathematics-Comp. Sci. & Mathematics-Agric. & Nat. Res. Cons,8
Comp. Sci. & Mathematics-Comp. Sci. & Mathematics-Architecture,0
Comp. Sci. & Mathematics-Comp. Sci. & Mathematics-Area,0
Comp. Sci. & Mathematics-Comp. Sci. & Mathematics-Arts: Visual & Performing,48
Comp. Sci. & Mathematics-Comp. Sci. & Mathematics-Business,169
Comp. Sci. & Mathematics-Comp. Sci. & Mathematics-Commun,30
Comp. Sci. & Mathematics-Comp. Sci. & Mathematics-Communications,29
Comp. Sci. & Mathematics-Comp. Sci. & Mathematics-Comp. Sci. & Mathematics,3406
Comp. Sci. & Mathematics-Comp. Sci. & Mathematics-Education,20
Comp. Sci. & Mathematics-Comp. Sci. & Mathematics-Eng. Tech. & Drafting,32
Comp. Sci. & Mathematics-Comp. Sci. & Mathematics-English & Foreign Lang.,22
Comp. Sci. & Mathematics-Comp. Sci. & Mathematics-Engineering,79
Comp. Sci. & Mathematics-Education-Agric. & Nat. Res. Cons,0
Comp. Sci. & Mathematics-Education-Architecture,0
Comp. Sci. & Mathematics-Education-Area,0
Comp. Sci. & Mathematics-Education-Arts: Visual & Performing,2
Comp. Sci. & Mathematics-Education-Business,5
Comp. Sci. & Mathematics-Education-Commun,2
Comp. Sci. & Mathematics-Education-Communications,1
Comp. Sci. & Mathematics-Education-Comp. Sci. & Mathematics,5
Comp. Sci. & Mathematics-Education-Education,57
Comp. Sci. & Mathematics-Education-Eng. Tech. & Drafting,0
Comp. Sci. & Mathematics-Education-English & Foreign Lang.,0
Comp. Sci. & Mathematics-Education-Engineering,1
Comp. Sci. & Mathematics-Eng. Tech. & Drafting-Agric. & Nat. Res. Cons,1
Comp. Sci. & Mathematics-Eng. Tech. & Drafting-Architecture,0
Comp. Sci. & Mathematics-Eng. Tech. & Drafting-Area,0
Comp. Sci. & Mathematics-Eng. Tech. & Drafting-Arts: Visual & Performing,3
Comp. Sci. & Mathematics-Eng. Tech. & Drafting-Business,9
Comp. Sci. & Mathematics-Eng. Tech. & Drafting-Commun,2
Comp. Sci. & Mathematics-Eng. Tech. & Drafting-Communications,2
Comp. Sci. & Mathematics-Eng. Tech. & Drafting-Comp. Sci. & Mathematics,21
Comp. Sci. & Mathematics-Eng. Tech. & Drafting-Education,0
Comp. Sci. & Mathematics-Eng. Tech. & Drafting-Eng. Tech. & Drafting,176
Comp. Sci. & Mathematics-Eng. Tech. & Drafting-English & Foreign Lang.,1
Comp. Sci. & Mathematics-Eng. Tech. & Drafting-Engineering,25
Comp. Sci. & Mathematics-English & Foreign Lang.-Agric. & Nat. Res. Cons,0
Comp. Sci. & Mathematics-English & Foreign Lang.-Architecture,0
Comp. Sci. & Mathematics-English & Foreign Lang.-Area,1
Comp. Sci. & Mathematics-English & Foreign Lang.-Arts: Visual & Performing,2
Comp. Sci. & Mathematics-English & Foreign Lang.-Business,1
Comp. Sci. & Mathematics-English & Foreign Lang.-Commun,0
Comp. Sci. & Mathematics-English & Foreign Lang.-Communications,4
Comp. Sci. & Mathematics-English & Foreign Lang.-Comp. Sci. & Mathematics,6
Comp. Sci. & Mathematics-English & Foreign Lang.-Education,0
Comp. Sci. & Mathematics-English & Foreign Lang.-Eng. Tech. & Drafting,0
Comp. Sci. & Mathematics-English & Foreign Lang.-English & Foreign Lang.,30
Comp. Sci. & Mathematics-English & Foreign Lang.-Engineering,0
Comp. Sci. & Mathematics-Engineering-Agric. & Nat. Res. Cons,2
Comp. Sci. & Mathematics-Engineering-Architecture,2
Comp. Sci. & Mathematics-Engineering-Area,0
Comp. Sci. & Mathematics-Engineering-Arts: Visual & Performing,4
Comp. Sci. & Mathematics-Engineering-Business,58
Comp. Sci. & Mathematics-Engineering-Commun,13
Comp. Sci. & Mathematics-Engineering-Communications,2
Comp. Sci. & Mathematics-Engineering-Comp. Sci. & Mathematics,136
Comp. Sci. & Mathematics-Engineering-Education,3
Comp. Sci. & Mathematics-Engineering-Eng. Tech. & Drafting,12
Comp. Sci. & Mathematics-Engineering-English & Foreign Lang.,2
Comp. Sci. & Mathematics-Engineering-Engineering,1004
Education-Agric. & Nat. Res. Cons-Agric. & Nat. Res. Cons,90
Education-Agric. & Nat. Res. Cons-Architecture,1
Education-Agric. & Nat. Res. Cons-Area,0
Education-Agric. & Nat. Res. Cons-Arts: Visual & Performing,1
Education-Agric. & Nat. Res. Cons-Business,2
Education-Agric. & Nat. Res. Cons-Commun,4
Education-Agric. & Nat. Res. Cons-Communications,3
Education-Agric. & Nat. Res. Cons-Comp. Sci. & Mathematics,0
Education-Agric. & Nat. Res. Cons-Education,8
Education-Agric. & Nat. Res. Cons-Eng. Tech. & Drafting,0
Education-Agric. & Nat. Res. Cons-English & Foreign Lang.,1
Education-Agric. & Nat. Res. Cons-Engineering,1
Education-Architecture-Agric. & Nat. Res. Cons,0
Education-Architecture-Architecture,5
Education-Architecture-Area,0
Education-Architecture-Arts: Visual & Performing,0
Education-Architecture-Business,0
Education-Architecture-Commun,0
Education-Architecture-Communications,1
Education-Architecture-Comp. Sci. & Mathematics,0
Education-Architecture-Education,0
Education-Architecture-Eng. Tech. & Drafting,0
Education-Architecture-English & Foreign Lang.,0
Education-Architecture-Engineering,0
Education-Area-Agric. & Nat. Res. Cons,0
Education-Area-Architecture,0
Education-Area-Area,16
Education-Area-Arts: Visual & Performing,1
Education-Area-Business,0
Education-Area-Commun,0
Education-Area-Communications,0
Education-Area-Comp. Sci. & Mathematics,0
Education-Area-Education,2
Education-Area-Eng. Tech. & Drafting,0
Education-Area-English & Foreign Lang.,0
Education-Area-Engineering,0
Education-Arts: Visual & Performing-Agric. & Nat. Res. Cons,0
Education-Arts: Visual & Performing-Architecture,0
Education-Arts: Visual & Performing-Area,0
Education-Arts: Visual & Performing-Arts: Visual & Performing,549
Education-Arts: Visual & Performing-Business,10
Education-Arts: Visual & Performing-Commun,8
Education-Arts: Visual & Performing-Communications,13
Education-Arts: Visual & Performing-Comp. Sci. & Mathematics,2
Education-Arts: Visual & Performing-Education,61
Education-Arts: Visual & Performing-Eng. Tech. & Drafting,0
Education-Arts: Visual & Performing-English & Foreign Lang.,3
Education-Arts: Visual & Performing-Engineering,1
Education-Business-Agric. & Nat. Res. Cons,1
Education-Business-Architecture,0
Education-Business-Area,0
Education-Business-Arts: Visual & Performing,8
Education-Business-Business,666
Education-Business-Commun,36
Education-Business-Communications,21
Education-Business-Comp. Sci. & Mathematics,14
Education-Business-Education,42
Education-Business-Eng. Tech. & Drafting,2
Education-Business-English & Foreign Lang.,9
Education-Business-Engineering,0
Education-Commun-Agric. & Nat. Res. Cons,3
Education-Commun-Architecture,0
Education-Commun-Area,0
Education-Commun-Arts: Visual & Performing,5
Education-Commun-Business,42
Education-Commun-Commun,906
Education-Commun-Communications,16
Education-Commun-Comp. Sci. & Mathematics,2
Education-Commun-Education,124
Education-Commun-Eng. Tech. & Drafting,4
Education-Commun-English & Foreign Lang.,7
Education-Commun-Engineering,2
Education-Communications-Agric. & Nat. Res. Cons,0
Education-Communications-Architecture,0
Education-Communications-Area,0
Education-Communications-Arts: Visual & Performing,5
Education-Communications-Business,12
Education-Communications-Commun,13
Education-Communications-Communications,222
Education-Communications-Comp. Sci. & Mathematics,3
Education-Communications-Education,15
Education-Communications-Eng. Tech. & Drafting,1
Education-Communications-English & Foreign Lang.,9
Education-Communications-Engineering,0
Education-Comp. Sci. & Mathematics-Agric. & Nat. Res. Cons,1
Education-Comp. Sci. & Mathematics-Architecture,0
Education-Comp. Sci. & Mathematics-Area,0
Education-Comp. Sci. & Mathematics-Arts: Visual & Performing,1
Education-Comp. Sci. & Mathematics-Business,26
Education-Comp. Sci. & Mathematics-Commun,11
Education-Comp. Sci. & Mathematics-Communications,5
Education-Comp. Sci. & Mathematics-Comp. Sci. & Mathematics,322
Education-Comp. Sci. & Mathematics-Education,48
Education-Comp. Sci. & Mathematics-Eng. Tech. & Drafting,3
Education-Comp. Sci. & Mathematics-English & Foreign Lang.,5
Education-Comp. Sci. & Mathematics-Engineering,3
Education-Education-Agric. & Nat. Res. Cons,19
Education-Education-Architecture,2
Education-Education-Area,0
Education-Education-Arts: Visual & Performing,68
Education-Education-Business,165
Education-Education-Commun,257
Education-Education-Communications,82
Education-Education-Comp. Sci. & Mathematics,46
Education-Education-Education,6459
Education-Education-Eng. Tech. & Drafting,3
Education-Education-English & Foreign Lang.,69
Education-Education-Engineering,6
Education-Eng. Tech. & Drafting-Agric. & Nat. Res. Cons,0
Education-Eng. Tech. & Drafting-Architecture,0
Education-Eng. Tech. & Drafting-Area,0
Education-Eng. Tech. & Drafting-Arts: Visual & Performing,0
Education-Eng. Tech. & Drafting-Business,2
Education-Eng. Tech. & Drafting-Commun,1
Education-Eng. Tech. & Drafting-Communications,1
Education-Eng. Tech. & Drafting-Comp. Sci. & Mathematics,0
Education-Eng. Tech. & Drafting-Education,3
Education-Eng. Tech. & Drafting-Eng. Tech. & Drafting,45
Education-Eng. Tech. & Drafting-English & Foreign Lang.,0
Education-Eng. Tech. & Drafting-Engineering,1
Education-English & Foreign Lang.-Agric. & Nat. Res. Cons,1
Education-English & Foreign Lang.-Architecture,1
Education-English & Foreign Lang.-Area,0
Education-English & Foreign Lang.-Arts: Visual & Performing,8
Education-English & Foreign Lang.-Business,12
Education-English & Foreign Lang.-Commun,17
Education-English & Foreign Lang.-Communications,16
Education-English & Foreign Lang.-Comp. Sci. & Mathematics,6
Education-English & Foreign Lang.-Education,54
Education-English & Foreign Lang.-Eng. Tech. & Drafting,1
Education-English & Foreign Lang.-English & Foreign Lang.,464
Education-English & Foreign Lang.-Engineering,0
Education-Engineering-Agric. & Nat. Res. Cons,2
Education-Engineering-Architecture,0
Education-Engineering-Area,0
Education-Engineering-Arts: Visual & Performing,2
Education-Engineering-Business,5
Education-Engineering-Commun,9
Education-Engineering-Communications,3
Education-Engineering-Comp. Sci. & Mathematics,8
Education-Engineering-Education,8
Education-Engineering-Eng. Tech. & Drafting,3
Education-Engineering-English & Foreign Lang.,1
Education-Engineering-Engineering,120
Eng. Tech. & Drafting-Agric. & Nat. Res. Cons-Agric. & Nat. Res. Cons,34
Eng. Tech. & Drafting-Agric. & Nat. Res. Cons-Architecture,0
Eng. Tech. & Drafting-Agric. & Nat. Res. Cons-Area,0
Eng. Tech. & Drafting-Agric. & Nat. Res. Cons-Arts: Visual & Performing,0
Eng. Tech. & Drafting-Agric. & Nat. Res. Cons-Business,0
Eng. Tech. & Drafting-Agric. & Nat. Res. Cons-Commun,0
Eng. Tech. & Drafting-Agric. & Nat. Res. Cons-Communications,0
Eng. Tech. & Drafting-Agric. & Nat. Res. Cons-Comp. Sci. & Mathematics,0
Eng. Tech. & Drafting-Agric. & Nat. Res. Cons-Education,1
Eng. Tech. & Drafting-Agric. & Nat. Res. Cons-Eng. Tech. & Drafting,0
Eng. Tech. & Drafting-Agric. & Nat. Res. Cons-English & Foreign Lang.,0
Eng. Tech. & Drafting-Agric. & Nat. Res. Cons-Engineering,1
Eng. Tech. & Drafting-Architecture-Agric. & Nat. Res. Cons,0
Eng. Tech. & Drafting-Architecture-Architecture,29
Eng. Tech. & Drafting-Architecture-Area,0
Eng. Tech. & Drafting-Architecture-Arts: Visual & Performing,2
Eng. Tech. & Drafting-Architecture-Business,1
Eng. Tech. & Drafting-Architecture-Commun,0
Eng. Tech. & Drafting-Architecture-Communications,0
Eng. Tech. & Drafting-Architecture-Comp. Sci. & Mathematics,2
Eng. Tech. & Drafting-Architecture-Education,0
Eng. Tech. & Drafting-Architecture-Eng. Tech. & Drafting,0
Eng. Tech. & Drafting-Architecture-English & Foreign Lang.,0
Eng. Tech. & Drafting-Architecture-Engineering,1
Eng. Tech. & Drafting-Area-Agric. & Nat. Res. Cons,0
Eng. Tech. & Drafting-Area-Architecture,0
Eng. Tech. & Drafting-Area-Area,1
Eng. Tech. & Drafting-Area-Arts: Visual & Performing,0
Eng. Tech. & Drafting-Area-Business,0
Eng. Tech. & Drafting-Area-Commun,0
Eng. Tech. & Drafting-Area-Communications,0
Eng. Tech. & Drafting-Area-Comp. Sci. & Mathematics,0
Eng. Tech. & Drafting-Area-Education,0
Eng. Tech. & Drafting-Area-Eng. Tech. & Drafting,0
Eng. Tech. & Drafting-Area-English & Foreign Lang.,0
Eng. Tech. & Drafting-Area-Engineering,0
Eng. Tech. & Drafting-Arts: Visual & Performing-Agric. & Nat. Res. Cons,0
Eng. Tech. & Drafting-Arts: Visual & Performing-Architecture,0
Eng. Tech. & Drafting-Arts: Visual & Performing-Area,0
Eng. Tech. & Drafting-Arts: Visual & Performing-Arts: Visual & Performing,55
Eng. Tech. & Drafting-Arts: Visual & Performing-Business,1
Eng. Tech. & Drafting-Arts: Visual & Performing-Commun,1
Eng. Tech. & Drafting-Arts: Visual & Performing-Communications,4
Eng. Tech. & Drafting-Arts: Visual & Performing-Comp. Sci. & Mathematics,4
Eng. Tech. & Drafting-Arts: Visual & Performing-Education,0
Eng. Tech. & Drafting-Arts: Visual & Performing-Eng. Tech. & Drafting,2
Eng. Tech. & Drafting-Arts: Visual & Performing-English & Foreign Lang.,0
Eng. Tech. & Drafting-Arts: Visual & Performing-Engineering,0
Eng. Tech. & Drafting-Business-Agric. & Nat. Res. Cons,2
Eng. Tech. & Drafting-Business-Architecture,1
Eng. Tech. & Drafting-Business-Area,0
Eng. Tech. & Drafting-Business-Arts: Visual & Performing,1
Eng. Tech. & Drafting-Business-Business,210
Eng. Tech. & Drafting-Business-Commun,2
Eng. Tech. & Drafting-Business-Communications,5
Eng. Tech. & Drafting-Business-Comp. Sci. & Mathematics,3
Eng. Tech. & Drafting-Business-Education,2
Eng. Tech. & Drafting-Business-Eng. Tech. & Drafting,8
Eng. Tech. & Drafting-Business-English & Foreign Lang.,1
Eng. Tech. & Drafting-Business-Engineering,7
Eng. Tech. & Drafting-Commun-Agric. & Nat. Res. Cons,1
Eng. Tech. & Drafting-Commun-Architecture,0
Eng. Tech. & Drafting-Commun-Area,0
Eng. Tech. & Drafting-Commun-Arts: Visual & Performing,0
Eng. Tech. & Drafting-Commun-Business,8
Eng. Tech. & Drafting-Commun-Commun,102
Eng. Tech. & Drafting-Commun-Communications,0
Eng. Tech. & Drafting-Commun-Comp. Sci. & Mathematics,0
Eng. Tech. & Drafting-Commun-Education,3
Eng. Tech. & Drafting-Commun-Eng. Tech. & Drafting,3
Eng. Tech. & Drafting-Commun-English & Foreign Lang.,0
Eng. Tech. & Drafting-Commun-Engineering,1
Eng. Tech. & Drafting-Communications-Agric. & Nat. Res. Cons,0
Eng. Tech. & Drafting-Communications-Architecture,0
Eng. Tech. & Drafting-Communications-Area,0
Eng. Tech. & Drafting-Communications-Arts: Visual & Performing,1
Eng. Tech. & Drafting-Communications-Business,2
Eng. Tech. & Drafting-Communications-Commun,1
Eng. Tech. & Drafting-Communications-Communications,24
Eng. Tech. & Drafting-Communications-Comp. Sci. & Mathematics,4
Eng. Tech. & Drafting-Communications-Education,0
Eng. Tech. & Drafting-Communications-Eng. Tech. & Drafting,1
Eng. Tech. & Drafting-Communications-English & Foreign Lang.,1
Eng. Tech. & Drafting-Communications-Engineering,1
Eng. Tech. & Drafting-Comp. Sci. & Mathematics-Agric. & Nat. Res. Cons,0
Eng. Tech. & Drafting-Comp. Sci. & Mathematics-Architecture,0
Eng. Tech. & Drafting-Comp. Sci. & Mathematics-Area,0
Eng. Tech. & Drafting-Comp. Sci. & Mathematics-Arts: Visual & Performing,4
Eng. Tech. & Drafting-Comp. Sci. & Mathematics-Business,20
Eng. Tech. & Drafting-Comp. Sci. & Mathematics-Commun,9
Eng. Tech. & Drafting-Comp. Sci. & Mathematics-Communications,1
Eng. Tech. & Drafting-Comp. Sci. & Mathematics-Comp. Sci. & Mathematics,263
Eng. Tech. & Drafting-Comp. Sci. & Mathematics-Education,2
Eng. Tech. & Drafting-Comp. Sci. & Mathematics-Eng. Tech. & Drafting,7
Eng. Tech. & Drafting-Comp. Sci. & Mathematics-English & Foreign Lang.,0
Eng. Tech. & Drafting-Comp. Sci. & Mathematics-Engineering,12
Eng. Tech. & Drafting-Education-Agric. & Nat. Res. Cons,0
Eng. Tech. & Drafting-Education-Architecture,1
Eng. Tech. & Drafting-Education-Area,0
Eng. Tech. & Drafting-Education-Arts: Visual & Performing,0
Eng. Tech. & Drafting-Education-Business,1
Eng. Tech. & Drafting-Education-Commun,6
Eng. Tech. & Drafting-Education-Communications,0
Eng. Tech. & Drafting-Education-Comp. Sci. & Mathematics,3
Eng. Tech. & Drafting-Education-Education,27
Eng. Tech. & Drafting-Education-Eng. Tech. & Drafting,1
Eng. Tech. & Drafting-Education-English & Foreign Lang.,0
Eng. Tech. & Drafting-Education-Engineering,0
Eng. Tech. & Drafting-Eng. Tech. & Drafting-Agric. & Nat. Res. Cons,3
Eng. Tech. & Drafting-Eng. Tech. & Drafting-Architecture,0
Eng. Tech. & Drafting-Eng. Tech. & Drafting-Area,0
Eng. Tech. & Drafting-Eng. Tech. & Drafting-Arts: Visual & Performing,5
Eng. Tech. & Drafting-Eng. Tech. & Drafting-Business,14
Eng. Tech. & Drafting-Eng. Tech. & Drafting-Commun,3
Eng. Tech. & Drafting-Eng. Tech. & Drafting-Communications,2
Eng. Tech. & Drafting-Eng. Tech. & Drafting-Comp. Sci. & Mathematics,14
Eng. Tech. & Drafting-Eng. Tech. & Drafting-Education,3
Eng. Tech. & Drafting-Eng. Tech. & Drafting-Eng. Tech. & Drafting,472
Eng. Tech. & Drafting-Eng. Tech. & Drafting-English & Foreign Lang.,1
Eng. Tech. & Drafting-Eng. Tech. & Drafting-Engineering,27
Eng. Tech. & Drafting-English & Foreign Lang.-Agric. & Nat. Res. Cons,0
Eng. Tech. & Drafting-English & Foreign Lang.-Architecture,1
Eng. Tech. & Drafting-English & Foreign Lang.-Area,0
Eng. Tech. & Drafting-English & Foreign Lang.-Arts: Visual & Performing,0
Eng. Tech. & Drafting-English & Foreign Lang.-Business,1
Eng. Tech. & Drafting-English & Foreign Lang.-Commun,1
Eng. Tech. & Drafting-English & Foreign Lang.-Communications,0
Eng. Tech. & Drafting-English & Foreign Lang.-Comp. Sci. & Mathematics,0
Eng. Tech. & Drafting-English & Foreign Lang.-Education,0
Eng. Tech. & Drafting-English & Foreign Lang.-Eng. Tech. & Drafting,0
Eng. Tech. & Drafting-English & Foreign Lang.-English & Foreign Lang.,3
Eng. Tech. & Drafting-English & Foreign Lang.-Engineering,1
Eng. Tech. & Drafting-Engineering-Agric. & Nat. Res. Cons,6
Eng. Tech. & Drafting-Engineering-Architecture,5
Eng. Tech. & Drafting-Engineering-Area,0
Eng. Tech. & Drafting-Engineering-Arts: Visual & Performing,7
Eng. Tech. & Drafting-Engineering-Business,60
Eng. Tech. & Drafting-Engineering-Commun,13
Eng. Tech. & Drafting-Engineering-Communications,2
Eng. Tech. & Drafting-Engineering-Comp. Sci. & Mathematics,43
Eng. Tech. & Drafting-Engineering-Education,4
Eng. Tech. & Drafting-Engineering-Eng. Tech. & Drafting,35
Eng. Tech. & Drafting-Engineering-English & Foreign Lang.,2
Eng. Tech. & Drafting-Engineering-Engineering,1246
English & Foreign Lang.-Agric. & Nat. Res. Cons-Agric. & Nat. Res. Cons,26
English & Foreign Lang.-Agric. & Nat. Res. Cons-Architecture,0
English & Foreign Lang.-Agric. & Nat. Res. Cons-Area,0
English & Foreign Lang.-Agric. & Nat. Res. Cons-Arts: Visual & Performing,1
English & Foreign Lang.-Agric. & Nat. Res. Cons-Business,0
English & Foreign Lang.-Agric. & Nat. Res. Cons-Commun,0
English & Foreign Lang.-Agric. & Nat. Res. Cons-Communications,1
English & Foreign Lang.-Agric. & Nat. Res. Cons-Comp. Sci. & Mathematics,0
English & Foreign Lang.-Agric. & Nat. Res. Cons-Education,1
English & Foreign Lang.-Agric. & Nat. Res. Cons-Eng. Tech. & Drafting,0
English & Foreign Lang.-Agric. & Nat. Res. Cons-English & Foreign Lang.,1
English & Foreign Lang.-Agric. & Nat. Res. Cons-Engineering,0
English & Foreign Lang.-Architecture-Agric. & Nat. Res. Cons,0
English & Foreign Lang.-Architecture-Architecture,3
English & Foreign Lang.-Architecture-Area,0
English & Foreign Lang.-Architecture-Arts: Visual & Performing,0
English & Foreign Lang.-Architecture-Business,0
English & Foreign Lang.-Architecture-Commun,0
English & Foreign Lang.-Architecture-Communications,0
English & Foreign Lang.-Architecture-Comp. Sci. & Mathematics,0
English & Foreign Lang.-Architecture-Education,0
English & Foreign Lang.-Architecture-Eng. Tech. & Drafting,0
English & Foreign Lang.-Architecture-English & Foreign Lang.,0
English & Foreign Lang.-Architecture-Engineering,0
English & Foreign Lang.-Area-Agric. & Nat. Res. Cons,1
English & Foreign Lang.-Area-Architecture,0
English & Foreign Lang.-Area-Area,24
English & Foreign Lang.-Area-Arts: Visual & Performing,1
English & Foreign Lang.-Area-Business,1
English & Foreign Lang.-Area-Commun,1
English & Foreign Lang.-Area-Communications,0
English & Foreign Lang.-Area-Comp. Sci. & Mathematics,0
English & Foreign Lang.-Area-Education,1
English & Foreign Lang.-Area-Eng. Tech. & Drafting,0
English & Foreign Lang.-Area-English & Foreign Lang.,5
English & Foreign Lang.-Area-Engineering,0
English & Foreign Lang.-Arts: Visual & Performing-Agric. & Nat. Res. Cons,0
English & Foreign Lang.-Arts: Visual & Performing-Architecture,0
English & Foreign Lang.-Arts: Visual & Performing-Area,1
English & Foreign Lang.-Arts: Visual & Performing-Arts: Visual & Performing,181
English & Foreign Lang.-Arts: Visual & Performing-Business,3
English & Foreign Lang.-Arts: Visual & Performing-Commun,1
English & Foreign Lang.-Arts: Visual & Performing-Communications,6
English & Foreign Lang.-Arts: Visual & Performing-Comp. Sci. & Mathematics,3
English & Foreign Lang.-Arts: Visual & Performing-Education,3
English & Foreign Lang.-Arts: Visual & Performing-Eng. Tech. & Drafting,0
English & Foreign Lang.-Arts: Visual & Performing-English & Foreign Lang.,18
English & Foreign Lang.-Arts: Visual & Performing-Engineering,1
English & Foreign Lang.-Business-Agric. & Nat. Res. Cons,1
English & Foreign Lang.-Business-Architecture,1
English & Foreign Lang.-Business-Area,1
English & Foreign Lang.-Business-Arts: Visual & Performing,3
English & Foreign Lang.-Business-Business,166
English & Foreign Lang.-Business-Commun,7
English & Foreign Lang.-Business-Communications,9
English & Foreign Lang.-Business-Comp. Sci. & Mathematics,2
English & Foreign Lang.-Business-Education,1
English & Foreign Lang.-Business-Eng. Tech. & Drafting,0
English & Foreign Lang.-Business-English & Foreign Lang.,13
English & Foreign Lang.-Business-Engineering,0
English & Foreign Lang.-Commun-Agric. & Nat. Res. Cons,1
English & Foreign Lang.-Commun-Architecture,0
English & Foreign Lang.-Commun-Area,1
English & Foreign Lang.-Commun-Arts: Visual & Performing,0
English & Foreign Lang.-Commun-Business,2
English & Foreign Lang.-Commun-Commun,74
English & Foreign Lang.-Commun-Communications,0
English & Foreign Lang.-Commun-Comp. Sci. & Mathematics,0
English & Foreign Lang.-Commun-Education,6
English & Foreign Lang.-Commun-Eng. Tech. & Drafting,1
English & Foreign Lang.-Commun-English & Foreign Lang.,4
English & Foreign Lang.-Commun-Engineering,0
English & Foreign Lang.-Communications-Agric. & Nat. Res. Cons,0
English & Foreign Lang.-Communications-Architecture,0
English & Foreign Lang.-Communications-Area,1
English & Foreign Lang.-Communications-Arts: Visual & Performing,9
English & Foreign Lang.-Communications-Business,5
English & Foreign Lang.-Communications-Commun,7
English & Foreign Lang.-Communications-Communications,282
English & Foreign Lang.-Communications-Comp. Sci. & Mathematics,1
English & Foreign Lang.-Communications-Education,7
English & Foreign Lang.-Communications-Eng. Tech. & Drafting,0
English & Foreign Lang.-Communications-English & Foreign Lang.,20
English & Foreign Lang.-Communications-Engineering,0
English & Foreign Lang.-Comp. Sci. & Mathematics-Agric. & Nat. Res. Cons,0
English & Foreign Lang.-Comp. Sci. & Mathematics-Architecture,0
English & Foreign Lang.-Comp. Sci. & Mathematics-Area,0
English & Foreign Lang.-Comp. Sci. & Mathematics-Arts: Visual & Performing,0
English & Foreign Lang.-Comp. Sci. & Mathematics-Business,2
English & Foreign Lang.-Comp. Sci. & Mathematics-Commun,1
English & Foreign Lang.-Comp. Sci. & Mathematics-Communications,1
English & Foreign Lang.-Comp. Sci. & Mathematics-Comp. Sci. & Mathematics,38
English & Foreign Lang.-Comp. Sci. & Mathematics-Education,0
English & Foreign Lang.-Comp. Sci. & Mathematics-Eng. Tech. & Drafting,0
English & Foreign Lang.-Comp. Sci. & Mathematics-English & Foreign Lang.,5
English & Foreign Lang.-Comp. Sci. & Mathematics-Engineering,0
English & Foreign Lang.-Education-Agric. & Nat. Res. Cons,0
English & Foreign Lang.-Education-Architecture,0
English & Foreign Lang.-Education-Area,1
English & Foreign Lang.-Education-Arts: Visual & Performing,2
English & Foreign Lang.-Education-Business,3
English & Foreign Lang.-Education-Commun,6
English & Foreign Lang.-Education-Communications,8
English & Foreign Lang.-Education-Comp. Sci. & Mathematics,1
English & Foreign Lang.-Education-Education,154
English & Foreign Lang.-Education-Eng. Tech. & Drafting,0
English & Foreign Lang.-Education-English & Foreign Lang.,21
English & Foreign Lang.-Education-Engineering,1
English & Foreign Lang.-Eng. Tech. & Drafting-Agric. & Nat. Res. Cons,0
English & Foreign Lang.-Eng. Tech. & Drafting-Architecture,0
English & Foreign Lang.-Eng. Tech. & Drafting-Area,0
English & Foreign Lang.-Eng. Tech. & Drafting-Arts: Visual & Performing,0
English & Foreign Lang.-Eng. Tech. & Drafting-Business,2
English & Foreign Lang.-Eng. Tech. & Drafting-Commun,0
English & Foreign Lang.-Eng. Tech. & Drafting-Communications,0
English & Foreign Lang.-Eng. Tech. & Drafting-Comp. Sci. & Mathematics,0
English & Foreign Lang.-Eng. Tech. & Drafting-Education,0
English & Foreign Lang.-Eng. Tech. & Drafting-Eng. Tech. & Drafting,6
English & Foreign Lang.-Eng. Tech. & Drafting-English & Foreign Lang.,0
English & Foreign Lang.-Eng. Tech. & Drafting-Engineering,0
English & Foreign Lang.-English & Foreign Lang.-Agric. & Nat. Res. Cons,6
English & Foreign Lang.-English & Foreign Lang.-Architecture,0
English & Foreign Lang.-English & Foreign Lang.-Area,4
English & Foreign Lang.-English & Foreign Lang.-Arts: Visual & Performing,24
English & Foreign Lang.-English & Foreign Lang.-Business,32
English & Foreign Lang.-English & Foreign Lang.-Commun,16
English & Foreign Lang.-English & Foreign Lang.-Communications,59
English & Foreign Lang.-English & Foreign Lang.-Comp. Sci. & Mathematics,7
English & Foreign Lang.-English & Foreign Lang.-Education,29
English & Foreign Lang.-English & Foreign Lang.-Eng. Tech. & Drafting,0
English & Foreign Lang.-English & Foreign Lang.-English & Foreign Lang.,1446
English & Foreign Lang.-English & Foreign Lang.-Engineering,2
English & Foreign Lang.-Engineering-Agric. & Nat. Res. Cons,0
English & Foreign Lang.-Engineering-Architecture,0
English & Foreign Lang.-Engineering-Area,0
English & Foreign Lang.-Engineering-Arts: Visual & Performing,0
English & Foreign Lang.-Engineering-Business,2
English & Foreign Lang.-Engineering-Commun,0
English & Foreign Lang.-Engineering-Communications,0
English & Foreign Lang.-Engineering-Comp. Sci. & Mathematics,2
English & Foreign Lang.-Engineering-Education,1
English & Foreign Lang.-Engineering-Eng. Tech. & Drafting,0
English & Foreign Lang.-Engineering-English & Foreign Lang.,3
English & Foreign Lang.-Engineering-Engineering,31
Engineering-Agric. & Nat. Res. Cons-Agric. & Nat. Res. Cons,267
Engineering-Agric. & Nat. Res. Cons-Architecture,1
Engineering-Agric. & Nat. Res. Cons-Area,0
Engineering-Agric. & Nat. Res. Cons-Arts: Visual & Performing,1
Engineering-Agric. & Nat. Res. Cons-Business,5
Engineering-Agric. & Nat. Res. Cons-Commun,7
Engineering-Agric. & Nat. Res. Cons-Communications,1
Engineering-Agric. & Nat. Res. Cons-Comp. Sci. & Mathematics,1
Engineering-Agric. & Nat. Res. Cons-Education,0
Engineering-Agric. & Nat. Res. Cons-Eng. Tech. & Drafting,2
Engineering-Agric. & Nat. Res. Cons-English & Foreign Lang.,1
Engineering-Agric. & Nat. Res. Cons-Engineering,12
Engineering-Architecture-Agric. & Nat. Res. Cons,1
Engineering-Architecture-Architecture,88
Engineering-Architecture-Area,0
Engineering-Architecture-Arts: Visual & Performing,3
Engineering-Architecture-Business,4
Engineering-Architecture-Commun,0
Engineering-Architecture-Communications,1
Engineering-Architecture-Comp. Sci. & Mathematics,0
Engineering-Architecture-Education,1
Engineering-Architecture-Eng. Tech. & Drafting,1
Engineering-Architecture-English & Foreign Lang.,0
Engineering-Architecture-Engineering,10
Engineering-Area-Agric. & Nat. Res. Cons,0
Engineering-Area-Architecture,0
Engineering-Area-Area,3
Engineering-Area-Arts: Visual & Performing,0
Engineering-Area-Business,1
Engineering-Area-Commun,0
Engineering-Area-Communications,1
Engineering-Area-Comp. Sci. & Mathematics,0
Engineering-Area-Education,0
Engineering-Area-Eng. Tech. & Drafting,0
Engineering-Area-English & Foreign Lang.,0
Engineering-Area-Engineering,0
Engineering-Arts: Visual & Performing-Agric. & Nat. Res. Cons,0
Engineering-Arts: Visual & Performing-Architecture,4
Engineering-Arts: Visual & Performing-Area,0
Engineering-Arts: Visual & Performing-Arts: Visual & Performing,196
Engineering-Arts: Visual & Performing-Business,7
Engineering-Arts: Visual & Performing-Commun,2
Engineering-Arts: Visual & Performing-Communications,5
Engineering-Arts: Visual & Performing-Comp. Sci. & Mathematics,13
Engineering-Arts: Visual & Performing-Education,6
Engineering-Arts: Visual & Performing-Eng. Tech. & Drafting,2
Engineering-Arts: Visual & Performing-English & Foreign Lang.,3
Engineering-Arts: Visual & Performing-Engineering,11
Engineering-Business-Agric. & Nat. Res. Cons,7
Engineering-Business-Architecture,0
Engineering-Business-Area,1
Engineering-Business-Arts: Visual & Performing,9
Engineering-Business-Business,1488
Engineering-Business-Commun,26
Engineering-Business-Communications,23
Engineering-Business-Comp. Sci. & Mathematics,27
Engineering-Business-Education,11
Engineering-Business-Eng. Tech. & Drafting,21
Engineering-Business-English & Foreign Lang.,1
Engineering-Business-Engineering,44
Engineering-Commun-Agric. & Nat. Res. Cons,3
Engineering-Commun-Architecture,0
Engineering-Commun-Area,0
Engineering-Commun-Arts: Visual & Performing,2
Engineering-Commun-Business,27
Engineering-Commun-Commun,389
Engineering-Commun-Communications,2
Engineering-Commun-Comp. Sci. & Mathematics,14
Engineering-Commun-Education,9
Engineering-Commun-Eng. Tech. & Drafting,6
Engineering-Commun-English & Foreign Lang.,2
Engineering-Commun-Engineering,10
Engineering-Communications-Agric. & Nat. Res. Cons,0
Engineering-Communications-Architecture,0
Engineering-Communications-Area,0
Engineering-Communications-Arts: Visual & Performing,3
Engineering-Communications-Business,6
Engineering-Communications-Commun,3
Engineering-Communications-Communications,99
Engineering-Communications-Comp. Sci. & Mathematics,2
Engineering-Communications-Education,2
Engineering-Communications-Eng. Tech. & Drafting,0
Engineering-Communications-English & Foreign Lang.,3
Engineering-Communications-Engineering,3
Engineering-Comp. Sci. & Mathematics-Agric. & Nat. Res. Cons,4
Engineering-Comp. Sci. & Mathematics-Architecture,1
Engineering-Comp. Sci. & Mathematics-Area,1
Engineering-Comp. Sci. & Mathematics-Arts: Visual & Performing,13
Engineering-Comp. Sci. & Mathematics-Business,59
Engineering-Comp. Sci. & Mathematics-Commun,23
Engineering-Comp. Sci. & Mathematics-Communications,14
Engineering-Comp. Sci. & Mathematics-Comp. Sci. & Mathematics,1078
Engineering-Comp. Sci. & Mathematics-Education,12
Engineering-Comp. Sci. & Mathematics-Eng. Tech. & Drafting,22
Engineering-Comp. Sci. & Mathematics-English & Foreign Lang.,6
Engineering-Comp. Sci. & Mathematics-Engineering,77
Engineering-Education-Agric. & Nat. Res. Cons,1
Engineering-Education-Architecture,0
Engineering-Education-Area,1
Engineering-Education-Arts: Visual & Performing,2
Engineering-Education-Business,15
Engineering-Education-Commun,21
Engineering-Education-Communications,0
Engineering-Education-Comp. Sci. & Mathematics,2
Engineering-Education-Education,114
Engineering-Education-Eng. Tech. & Drafting,1
Engineering-Education-English & Foreign Lang.,2
Engineering-Education-Engineering,9
Engineering-Eng. Tech. & Drafting-Agric. & Nat. Res. Cons,6
Engineering-Eng. Tech. & Drafting-Architecture,2
Engineering-Eng. Tech. & Drafting-Area,0
Engineering-Eng. Tech. & Drafting-Arts: Visual & Performing,10
Engineering-Eng. Tech. & Drafting-Business,49
Engineering-Eng. Tech. & Drafting-Commun,14
Engineering-Eng. Tech. & Drafting-Communications,3
Engineering-Eng. Tech. & Drafting-Comp. Sci. & Mathematics,37
Engineering-Eng. Tech. & Drafting-Education,4
Engineering-Eng. Tech. & Drafting-Eng. Tech. & Drafting,1164
Engineering-Eng. Tech. & Drafting-English & Foreign Lang.,3
Engineering-Eng. Tech. & Drafting-Engineering,158
Engineering-English & Foreign Lang.-Agric. & Nat. Res. Cons,0
Engineering-English & Foreign Lang.-Architecture,0
Engineering-English & Foreign Lang.-Area,0
Engineering-English & Foreign Lang.-Arts: Visual & Performing,0
Engineering-English & Foreign Lang.-Business,5
Engineering-English & Foreign Lang.-Commun,1
Engineering-English & Foreign Lang.-Communications,2
Engineering-English & Foreign Lang.-Comp. Sci. & Mathematics,1
Engineering-English & Foreign Lang.-Education,0
Engineering-English & Foreign Lang.-Eng. Tech. & Drafting,0
Engineering-English & Foreign Lang.-English & Foreign Lang.,61
Engineering-English & Foreign Lang.-Engineering,4
Engineering-Engineering-Agric. & Nat. Res. Cons,111
Engineering-Engineering-Architecture,27
Engineering-Engineering-Area,1
Engineering-Engineering-Arts: Visual & Performing,64
Engineering-Engineering-Business,529
Engineering-Engineering-Commun,117
Engineering-Engineering-Communications,48
Engineering-Engineering-Comp. Sci. & Mathematics,472
Engineering-Engineering-Education,55
Engineering-Engineering-Eng. Tech. & Drafting,222
Engineering-Engineering-English & Foreign Lang.,27
Engineering-Engineering-Engineering,16275
